Channel,SOCIAL_BLADE_RANK,VIDEO_VIEWS_RANK,COUNTRY_RANK ,MUSIC_RANK ,ESTIMATED_MONTHLY_EARNINGS ,ESTIMATED_YEARLY_EARNINGS ,SUBSCRIBERS_FOR_THE_LAST_30_DAYS ,VIDEO_VIEWS_FOR_THE_LAST_30_DAYS 
T-Series,6th,1st,1st,1st,$585K  -  $9.4M,$7M  -  $112.3M,2M 33.3%,2.34B 33.9%
Cocomelon - Nursery Rhymes,8th,2nd,1st,1st,$383.1K  -  $6.1M,$4.6M  -  $73.5M,1M 0.0%,1.532B 10.1%
SET India,7th,3rd,2nd,1st,$593K  -  $9.5M,$7.1M  -  $113.9M,2M 33.3%,2.372B 5.1%
WWE,27th,5th,4th,1st,$178.3K  -  $2.9M,$2.1M  -  $34.2M,700K 46.2%,713.04M 28.6%
Like Nastya,28th,7th,5th,2nd,$149.5K  -  $2.4M,$1.8M  -  $28.7M,500K 16.7%,597.852M 18.5%
✿ Kids Diana Show,22nd,6th,3rd,2nd,$286.2K  -  $4.6M,$3.4M  -  $54.9M,1M 16.7%,1.145B 1.6%
Sony SAB,9th,4th,6th,6th,$511.9K  -  $8.2M,$6.1M  -  $98.3M,1.5M 0.0%,2.048B 7.3%
Movieclips,50th,8th,10th,4th,$124.8K  -  $2M,$1.5M  -  $24M,400K 0.0%,499.046M 0.7%
Vlad and Niki,14th,9th,7th,3rd,$225.1K  -  $3.6M,$2.7M  -  $43.2M,900K 18.2%,900.21M 5.9%
Ryan's World,142nd,10th,33rd,28th,$91.6K  -  $1.5M,$1.1M  -  $17.6M,200K 0.0%,366.424M 174.2%
netd müzik,82nd,11th,1st,85th,$88.4K  -  $1.4M,$1.1M  -  $17M,100K 66.7%,353.532M 45.4%
ABS-CBN Entertainment,13th,13th,1st,17th,$0  -  $0,$0  -  $0,400K 0.0%,-3.044B 765.3%
El Reino Infantil,85th,12th,1st,18th,$135.8K  -  $2.2M,$1.6M  -  $26.1M,600K 0.0%,543.224M 75.8%
Zee Music Company,20th,14th,3rd,3rd,$172.8K  -  $2.8M,$2.1M  -  $33.2M,900K 0.0%,691.088M 3.8%
Colors TV,16th,15th,13th,7th,$347.7K  -  $5.6M,$4.2M  -  $66.8M,1.2M 7.7%,1.391B 13.2%
Canal KondZilla,508th,16th,1st,6th,$34K  -  $544.4K,$408.3K  -  $6.5M,100K 50%,136.11M 7.2%
Little Baby Bum - Nursery Rhymes & Kids Songs,251st,18th,23rd,5th,$72.9K  -  $1.2M,$874.7K  -  $14M,300K 200.0%,291.567M 28.4%
ChuChu TV Nursery Rhymes & Kids Songs,69th,17th,8th,3rd,$122.9K  -  $2M,$1.5M  -  $23.6M,700K 0.0%,491.521M 9.2%
Wave Music,139th,19th,9th,14th,$116.6K  -  $1.9M,$1.4M  -  $22.4M,600K 0.0%,466.396M 8.1%
WorkpointOfficial,171st,21st,1st,21st,$73.1K  -  $1.2M,$877.2K  -  $14M,200K 33.3%,292.41M 3.7%
Toys and Colors,57th,20th,29th,23rd,$165.4K  -  $2.6M,$2M  -  $31.8M,200K 0.0%,661.599M 4.3%
Маша и Медведь,136th,23rd,2nd,6th,$66.7K  -  $1.1M,$800.7K  -  $12.8M,200K 33.3%,266.887M 8.6%
Super Simple Songs - Kids Songs,89th,22nd,2nd,7th,$184.4K  -  $3M,$2.2M  -  $35.4M,600K 20.0%,737.586M 10.4%
PewDiePie,637th,24th,2nd,1st,$23.9K  -  $381.9K,$286.4K  -  $4.6M,--,95.463M 9.2%
Get Movies,644th,25th,1st,18th,$29.9K  -  $478.8K,$359.1K  -  $5.7M,100K 0.0%,119.709M 12.5%
Shemaroo Filmi Gaane,127th,28th,7th,9th,$0  -  $0,$0  -  $0,700K 12.5%,-989.802M 344.3%
Pinkfong! Kids' Songs & Stories,"35,051,756th","5,589,431st",--,"660,588th",$3  -  $53,$40  -  $634,34 33.3%,13.209K 436.1%
one31,150th,32nd,2nd,26th,$100.3K  -  $1.6M,$1.2M  -  $19.3M,300K 0.0%,401.141M 173.6%
LooLoo Kids - Nursery Rhymes and Children's Songs,72nd,29th,15th,17th,$126.6K  -  $2M,$1.5M  -  $24.3M,600K 20.0%,506.218M 71.1%
JustinBieberVEVO,332nd,33rd,30th,38th,$42.5K  -  $680.3K,$510.2K  -  $8.2M,--,170.083M 18.8%
YRF,187th,31st,15th,23rd,$97.1K  -  $1.6M,$1.2M  -  $18.6M,400K 33.3%,388.284M 6.7%
GMANetwork,178th,34th,2nd,44th,$84.1K  -  $1.3M,$1M  -  $16.1M,300K 0.0%,336.37M 15.4%
قناة طيور الجنة | toyoraljanahtv,188th,35th,1st,55th,$74.4K  -  $1.2M,$893.3K  -  $14.3M,300K 25%,297.768M 1.9%
TheEllenShow,"1,269th",42nd,22nd,16th,$17K  -  $271.3K,$203.5K  -  $3.3M,--,67.834M 119.5%
SMTOWN,135th,39th,4th,46th,$91.9K  -  $1.5M,$1.1M  -  $17.6M,300K 50.0%,367.444M 19.6%
KatyPerryVEVO,816th,43rd,60th,62nd,$28.1K  -  $449.1K,$336.8K  -  $5.4M,--,112.274M 1.1%
TaylorSwiftVEVO,720th,44th,50th,53rd,$35.7K  -  $570.4K,$427.8K  -  $6.8M,-100K 0.0%,142.604M 6.6%
Ch3Thailand,102nd,41st,3rd,32nd,$0  -  $0,$0  -  $0,300K 50.0%,-23.169M 106.2%
Tips Official,83rd,37th,12th,16th,$130.1K  -  $2.1M,$1.6M  -  $25M,900K 0.0%,520.363M 16.9%
Speed Records,268th,40th,17th,26th,$84.9K  -  $1.4M,$1M  -  $16.3M,400K 42.9%,339.409M 11.2%
5-Minute Crafts,876th,47th,6th,1st,$67.3K  -  $1.1M,$807.8K  -  $12.9M,400K 0.0%,269.277M 3.1%
GMM GRAMMY OFFICIAL,824th,51st,4th,87th,$39.9K  -  $637.9K,$478.4K  -  $7.7M,100K 0.0%,159.476M 8%
1theK (원더케이),230th,52nd,5th,53rd,$51.7K  -  $826.8K,$620.1K  -  $9.9M,100K 50%,206.703M 8.3%
FGTeeV,394th,54th,104th,20th,$46.8K  -  $748.1K,$561.1K  -  $9M,200K 100.0%,187.019M 11.3%
GR6 EXPLODE,3rd,46th,6th,28th,$113.3K  -  $1.8M,$1.4M  -  $21.8M,300K 0.0%,453.292M 19.3%
shakiraVEVO,873rd,55th,117th,101st,$30.9K  -  $493.9K,$370.4K  -  $5.9M,--,123.479M 7.8%
Galinha Pintadinha,300th,56th,9th,6th,$52.2K  -  $834.7K,$626.1K  -  $10M,300K 50.0%,208.687M 3.4%
BabyBus - Nursery Rhymes,122nd,50th,45th,11th,$105.1K  -  $1.7M,$1.3M  -  $20.2M,500K 25.0%,420.304M 4.9%
Sony Music India,280th,48th,11th,15th,$126.9K  -  $2M,$1.5M  -  $24.4M,1M 16.7%,507.529M 20.3%
SonyMusicIndiaVEVO,197th,58th,21st,25th,$116.1K  -  $1.9M,$1.4M  -  $22.3M,600K 14.3%,464.569M 0.4%
Sesame Street,279th,62nd,72nd,58th,$51.8K  -  $828.9K,$621.7K  -  $9.9M,100K 66.7%,207.225M 13.7%
Ozuna,206th,66th,2nd,35th,$53.5K  -  $856.2K,$642.2K  -  $10.3M,100K 50%,214.062M 2.7%
Spinnin' Records,690th,70th,1st,45th,$33.5K  -  $535.8K,$401.8K  -  $6.4M,100K 0.0%,133.948M 4.9%
BLACKPINK,119th,57th,1st,4th,$184.5K  -  $3M,$2.2M  -  $35.4M,1.6M 38.5%,738.117M 2.0%
DisneyMusicVEVO,200th,65th,51st,56th,$109.7K  -  $1.8M,$1.3M  -  $21.1M,300K 0.0%,438.774M 31.2%
WORLDSTARHIPHOP,842nd,73rd,54th,58th,$25.3K  -  $404.6K,$303.5K  -  $4.9M,100K 0.0%,101.156M 0.3%
La Granja de Zenón,128th,63rd,2nd,47th,$97.7K  -  $1.6M,$1.2M  -  $18.8M,300K 25%,390.673M 1.4%
Daddy Yankee,316th,78th,26th,32nd,$0  -  $0,$0  -  $0,200K 0.0%,-258.901M 226.4%
Disney,"7,392nd","1,394th",866th,869th,$5.5K  -  $87.6K,$65.7K  -  $1.1M,20K 0.0%,21.906M 1.7%
HYBE LABELS,101st,61st,2nd,7th,$115K  -  $1.8M,$1.4M  -  $22.1M,800K 11.1%,460.107M 16.6%
BuzzFeedVideo,"5,368th",87th,93rd,9th,$7K  -  $112.2K,$84.1K  -  $1.3M,--,28.048M 17.8%
Badabun,"3,106th",82nd,1st,8th,$52.6K  -  $841.6K,$631.2K  -  $10.1M,200K 0.0%,210.393M 79.8%
Maroon5VEVO,703rd,83rd,177th,139th,$31.4K  -  $502.6K,$377K  -  $6M,--,125.66M 3.8%
Shemaroo,125th,80th,19th,22nd,$0  -  $0,$0  -  $0,600K 20.0%,-383.159M 234.1%
jbalvinVEVO,833rd,77th,8th,160th,$59K  -  $944.4K,$708.3K  -  $11.3M,--,236.111M 24.8%
ArianaGrandeVevo,540th,88th,124th,108th,$34.3K  -  $549.4K,$412.1K  -  $6.6M,--,137.353M 6.7%
Little Angel: Nursery Rhymes & Kids Songs,94th,71st,53rd,43rd,$103.4K  -  $1.7M,$1.2M  -  $19.8M,500K 25.0%,413.458M 9.4%
RihannaVEVO,"1,103rd",94th,56th,59th,$23.6K  -  $377.5K,$283.1K  -  $4.5M,-100K 0.0%,94.368M 5.7%
EminemVEVO,767th,91st,59th,61st,$38.9K  -  $622.5K,$466.9K  -  $7.5M,--,155.62M 10.8%
CVS 3D Rhymes & Kids Songs,715th,92nd,32nd,10th,$33.1K  -  $530.2K,$397.7K  -  $6.4M,200K 0.0%,132.562M 0.8%
Eros Now Music,580th,93rd,28th,34th,$39.4K  -  $629.9K,$472.4K  -  $7.6M,200K 33.3%,157.473M 10.6%
LUCCAS NETO - LUCCAS TOON,153rd,90th,5th,19th,$62.1K  -  $993.6K,$745.2K  -  $11.9M,100K 66.7%,248.398M 16.7%
MalumaVEVO,"1,200th",98th,194th,148th,$31.5K  -  $504.2K,$378.2K  -  $6.1M,--,126.056M 4.1%
CookieSwirlC,133rd,86th,146th,116th,$84.6K  -  $1.4M,$1M  -  $16.2M,200K 0.0%,338.2M 14.9%
Markiplier,568th,99th,36th,5th,$35.8K  -  $572.7K,$429.5K  -  $6.9M,200K 100.0%,143.182M 7.2%
T-Series Apna Punjab,233rd,96th,26th,44th,$52.4K  -  $837.8K,$628.4K  -  $10.1M,300K 0.0%,209.453M 15.5%
Bad Bunny,154th,89th,1st,29th,$97.8K  -  $1.6M,$1.2M  -  $18.8M,400K 0.0%,391.157M 2.4%
Peppa Pig - Official Channel,"71,429th",95th,55th,8th,$90.7K  -  $1.5M,$1.1M  -  $17.4M,500K 66.7%,362.959M 25.7%
Inside Edition,198th,101st,371st,30th,$42.8K  -  $684.3K,$513.2K  -  $8.2M,60K 14.3%,171.079M 21.4%
GRAMMY GOLD OFFICIAL,290th,104th,6th,123rd,$47.4K  -  $758.4K,$568.8K  -  $9.1M,100K 0.0%,189.592M 4.2%
LEGO,"43,632,890th",107th,213th,35th,$50K  -  $799.9K,$599.9K  -  $9.6M,100K 50%,199.963M 34.3%
Aaj Tak,412th,110th,10th,1st,$62.5K  -  $1M,$750.2K  -  $12M,300K 0.0%,250.051M 7.7%
FunToys Collector Disney Toys Review,"29,128th",121st,272nd,251st,$1K  -  $16.5K,$12.3K  -  $197.6K,--,4.116M 7.9%
Ultra Music,"9,260th",116th,43rd,50th,$26.7K  -  $427.9K,$320.9K  -  $5.1M,100K 50%,106.976M 17.8%
Aditya Music,105th,100th,54th,89th,$130.7K  -  $2.1M,$1.6M  -  $25.1M,400K 0.0%,522.839M 18.0%
Bruno Mars,220th,112th,27th,36th,$43.8K  -  $701.1K,$525.9K  -  $8.4M,200K 0.0%,175.284M 12.4%
The Tonight Show Starring Jimmy Fallon,"1,544th",122nd,40th,7th,$12.4K  -  $198.2K,$148.6K  -  $2.4M,100K 50%,49.539M 46%
Bounce Patrol - Kids Songs,164th,106th,1st,63rd,$86.9K  -  $1.4M,$1M  -  $16.7M,300K 50.0%,347.634M 17.1%
WatchMojo.com,"2,138th",123rd,6th,48th,$15.6K  -  $249.5K,$187.1K  -  $3M,100K 0.0%,62.363M 16.9%
etvteluguindia,140th,109th,76th,142nd,$86.9K  -  $1.4M,$1M  -  $16.7M,300K 0.0%,347.79M 14.5%
David Guetta,"1,067th",124th,65th,68th,$27.5K  -  $439.9K,$329.9K  -  $5.3M,100K 0.0%,109.971M 4.2%
NickyJamTV,"1,717th",127th,3rd,75th,$17.5K  -  $280.5K,$210.4K  -  $3.4M,--,70.12M 16.9%
jacksepticeye,"1,034th",130th,1st,9th,$19.4K  -  $310.3K,$232.7K  -  $3.7M,100K 0.0%,77.563M 46.2%
VEGETTA777,"1,876th",134th,2nd,4th,$14.9K  -  $237.9K,$178.5K  -  $2.9M,100K 0.0%,59.487M 11.9%
НТВ,170th,113th,11th,12th,$120.5K  -  $1.9M,$1.4M  -  $23.1M,300K 50.0%,482.021M 43.7%
Ultra Bollywood,522nd,142nd,27th,31st,$32.8K  -  $524.8K,$393.6K  -  $6.3M,300K 50.0%,131.211M 9.5%
Gaane Sune Ansune,373rd,119th,23rd,41st,$76.7K  -  $1.2M,$920.1K  -  $14.7M,500K 25.0%,306.705M 0.5%
Mother Goose Club Playhouse,304th,126th,136th,20th,$40.5K  -  $647.7K,$485.8K  -  $7.8M,200K 0.0%,161.934M 7.8%
MBCentertainment,411th,128th,25th,419th,$38.7K  -  $619K,$464.3K  -  $7.4M,30K 0.0%,154.761M 4.9%
mmoshaya,334th,125th,1st,68th,$44K  -  $703.3K,$527.5K  -  $8.4M,100K 0.0%,175.837M 16.6%
EnriqueIglesiasVEVO,"1,953rd",138th,216th,168th,$21.9K  -  $350.6K,$263K  -  $4.2M,-100K 0.0%,87.661M 10.9%
Venus,258th,140th,18th,33rd,$1.9K  -  $29.7K,$22.3K  -  $356.9K,400K 0.0%,7.436M 89.9%
Marília Mendonça,822nd,144th,12th,80th,$30.2K  -  $483.3K,$362.5K  -  $5.8M,100K 0.0%,120.835M 17.8%
SSSniperWolf,75th,111th,38th,30th,$144.6K  -  $2.3M,$1.7M  -  $27.8M,400K 0.0%,578.361M 4.4%
JYP Entertainment,259th,133rd,6th,77th,$96.3K  -  $1.5M,$1.2M  -  $18.5M,400K 0.0%,385.167M 22.2%
Dude Perfect,"1,284th",149th,9th,3rd,$22.9K  -  $365.7K,$274.3K  -  $4.4M,--,91.427M 22%
LuisFonsiVEVO,"1,814th",153rd,132nd,117th,$16.7K  -  $266.6K,$199.9K  -  $3.2M,--,66.639M 0.5%
Wow Kidz,224th,137th,40th,45th,$55.8K  -  $892K,$669K  -  $10.7M,400K 33.3%,223.001M 15.8%
Felipe Neto,477th,143rd,2nd,10th,$52.6K  -  $840.9K,$630.7K  -  $10.1M,200K 0.0%,210.225M 9.7%
Rotana,628th,141st,2nd,105th,$62.1K  -  $993K,$744.7K  -  $11.9M,100K 50%,248.242M 2.7%
Goldmines Telefilms,37th,147th,4th,3rd,$28.1K  -  $448.9K,$336.7K  -  $5.4M,1.3M 18.2%,112.229M 52.3%
Vijay Television,196th,129th,74th,137th,$119.9K  -  $1.9M,$1.4M  -  $23M,300K 50.0%,479.474M 4.4%
CalvinHarrisVEVO,"2,610th",162nd,251st,181st,$12.6K  -  $202K,$151.5K  -  $2.4M,--,50.491M 8.6%
Masha and The Bear,118th,118th,39th,8th,$137.7K  -  $2.2M,$1.7M  -  $26.4M,900K 18.2%,550.9M 15.9%
Mister Max,848th,154th,10th,60th,$42.2K  -  $675.2K,$506.4K  -  $8.1M,200K 33.3%,168.791M 27.6%
IGN,734th,159th,150th,35th,$39.9K  -  $638.4K,$478.8K  -  $7.7M,100K 0.0%,159.602M 30.9%
Coldplay,560th,158th,11th,84th,$74.4K  -  $1.2M,$892.5K  -  $14.3M,"1.9M 1,800.0%",297.49M 109.7%
Mnet K-POP,257th,148th,7th,81st,$73.2K  -  $1.2M,$878.8K  -  $14.1M,100K 50%,292.929M 22.6%
Movieclips Trailers,"4,815th",173rd,156th,30th,$8.5K  -  $136.1K,$102.1K  -  $1.6M,--,34.028M 16.9%
Trap Nation,"1,057th",170th,34th,42nd,$18.9K  -  $302.9K,$227.2K  -  $3.6M,--,75.72M 13.8%
HAR PAL GEO,33rd,97th,1st,52nd,$301.7K  -  $4.8M,$3.6M  -  $57.9M,1.2M 14.3%,1.207B 8.8%
Rajshri,404th,167th,35th,49th,$52.7K  -  $843.5K,$632.6K  -  $10.1M,300K 0.0%,210.871M 4.1%
TheWeekndVEVO,291st,161st,17th,216th,$48.2K  -  $771.1K,$578.3K  -  $9.3M,-100K 0.0%,192.77M 5.3%
Baby Big Mouth,"33,994th",184th,16th,278th,$1.4K  -  $21.9K,$16.4K  -  $262.6K,--,5.471M 6.5%
Talking Tom,469th,163rd,47th,7th,$47.2K  -  $754.8K,$566.1K  -  $9.1M,200K 50%,188.71M 19.1%
BeyoncéVEVO,"1,716th",180th,215th,167th,$18.9K  -  $302.2K,$226.6K  -  $3.6M,--,75.545M 6.6%
KBS WORLD TV,464th,172nd,9th,107th,$33.8K  -  $541.2K,$405.9K  -  $6.5M,300K 200.0%,135.303M 15.1%
Turma da Mônica,"1,037th",181st,20th,24th,$18.6K  -  $297.6K,$223.2K  -  $3.6M,100K 0.0%,74.398M 46.0%
Fischer's-フィッシャーズ-,492nd,169th,7th,573rd,$38.9K  -  $622.7K,$467K  -  $7.5M,10K 80%,155.667M 30.3%
Marshmello,784th,178th,11th,10th,$0  -  $0,$0  -  $0,100K 50%,-86.879M 158.5%
Saturday Night Live,321st,183rd,244th,223rd,$44.4K  -  $711.1K,$533.3K  -  $8.5M,200K 0.0%,177.768M 72.6%
As/Is,"11,982nd",193rd,308th,63rd,$2.2K  -  $35.5K,$26.6K  -  $425.9K,--,8.873M 22.5%
rezendeevil,"3,393rd",190th,7th,33rd,$17.4K  -  $277.7K,$208.3K  -  $3.3M,--,69.43M 4.0%
Genierock,"1,104th",187th,10th,159th,$25.4K  -  $405.8K,$304.3K  -  $4.9M,--,101.442M 1.3%
Miss Katy,"1,510th",188th,12th,69th,$25K  -  $399.5K,$299.7K  -  $4.8M,100K 0.0%,99.886M 20.9%
Fueled By Ramen,"1,729th",191st,191st,162nd,$17.8K  -  $284.7K,$213.5K  -  $3.4M,100K 0.0%,71.174M 11.1%
Zee TV,18th,150th,5th,5th,$120.7K  -  $1.9M,$1.4M  -  $23.2M,400K 0.0%,482.902M 18.9%
toyorbabytv,536th,179th,2nd,113th,$42.1K  -  $673.2K,$504.9K  -  $8.1M,200K 0.0%,168.294M 10.4%
REACT,"10,394th",196th,96th,71st,$2.3K  -  $36.5K,$27.4K  -  $438K,--,9.124M 61.1%
Genevieve's Playhouse - Learning Videos for Kids,256th,155th,84th,12th,$134.5K  -  $2.2M,$1.6M  -  $25.8M,500K 25.0%,538.163M 23.0%
toycantando,454th,182nd,5th,69th,$47.2K  -  $754.4K,$565.8K  -  $9.1M,300K 0.0%,188.604M 1.7%
SonyMusicSouthVEVO,342nd,174th,186th,144th,$64.4K  -  $1M,$772.4K  -  $12.4M,200K 0.0%,257.461M 7.7%
AMARINTV : อมรินทร์ทีวี,295th,185th,9th,11th,$45.1K  -  $721.4K,$541.1K  -  $8.7M,200K 0.0%,180.357M 15.8%
Wiz Khalifa,"1,609th",197th,57th,60th,$19.4K  -  $310.6K,$232.9K  -  $3.7M,200K 100.0%,77.645M 6.5%
Jimmy Kimmel Live,"1,952nd",199th,121st,88th,$20.7K  -  $331.8K,$248.9K  -  $4M,--,82.954M 26.5%
ChrisBrownVEVO,"1,330th",201st,246th,180th,$20.8K  -  $332.4K,$249.3K  -  $4M,--,83.099M 0.1%
DisneyJuniorUK,"2,077th",198th,42nd,269th,$37.2K  -  $594.9K,$446.2K  -  $7.1M,200K 0.0%,148.731M 25.2%
MrBeast,190th,168th,8th,4th,$67.2K  -  $1.1M,$806K  -  $12.9M,2M 23.1%,268.652M 41.3%
Atlantic Records,"1,040th",202nd,228th,173rd,$23.8K  -  $380.8K,$285.6K  -  $4.6M,--,95.2M 13.1%
RomeoSantosVEVO,"1,258th",204th,429th,283rd,$26.1K  -  $417K,$312.7K  -  $5M,--,104.242M 0.3%
LadyGagaVEVO,"1,140th",208th,418th,279th,$23.6K  -  $378.1K,$283.6K  -  $4.5M,-10K 0.0%,94.537M 16.2%
Come Play With Me,288th,194th,299th,279th,$65K  -  $1M,$779.9K  -  $12.5M,100K 50%,259.977M 0.2%
BANGTANTV,148th,156th,3rd,8th,$134.2K  -  $2.1M,$1.6M  -  $25.8M,1.5M 0.0%,536.897M 10.3%
OneDirectionVEVO,"1,699th",215th,9th,79th,$14K  -  $223.3K,$167.5K  -  $2.7M,--,55.827M 4.6%
ChainsmokersVEVO,"2,788th",220th,267th,199th,$14.2K  -  $227.1K,$170.3K  -  $2.7M,--,56.772M 3.7%
ImagineDragonsVEVO,"1,059th",218th,359th,249th,$27.2K  -  $435.1K,$326.3K  -  $5.2M,-10K 50%,108.763M 9.7%
Kids TV - Nursery Rhymes And Baby Songs,995th,223rd,59th,17th,$33.1K  -  $529.5K,$397.1K  -  $6.4M,200K 100.0%,132.377M 29.1%
キッズライン♡Kids Line,"5,021st",237th,1st,36th,$8.8K  -  $140.2K,$105.2K  -  $1.7M,--,35.059M 8.5%
Linkin Park,"1,208th",225th,119th,102nd,$28K  -  $447.7K,$335.8K  -  $5.4M,100K 0.0%,111.923M 6.4%
Alan Walker,"1,001st",226th,1st,24th,$30.1K  -  $482.3K,$361.7K  -  $5.8M,300K 50.0%,120.564M 1.5%
Post Malone,799th,222nd,73rd,76th,$36.3K  -  $581.3K,$436K  -  $7M,200K 100.0%,145.319M 6.2%
RsiamMusic : อาร์สยาม,"3,217th",236th,5th,118th,$13.8K  -  $220.9K,$165.7K  -  $2.7M,100K 0.0%,55.236M 16.6%
Tlnovelas,462nd,217th,11th,90th,$55.6K  -  $889.7K,$667.3K  -  $10.7M,300K 50.0%,222.419M 0.2%
Henrique e Juliano,"1,185th",243rd,42nd,158th,$33.1K  -  $530K,$397.5K  -  $6.4M,100K 0.0%,132.504M 147.4%
Pencilmation,923rd,244th,109th,17th,$13.2K  -  $211.7K,$158.8K  -  $2.5M,--,52.923M 15.2%
Raffy Tulfo in Action,237th,213th,3rd,4th,$49.8K  -  $796.9K,$597.7K  -  $9.6M,-300K 175%,199.217M 28.6%
Лунтик,"1,947th",249th,58th,110th,$13.2K  -  $211.7K,$158.8K  -  $2.5M,20K 50%,52.924M 13.4%
Smosh,"8,884th",255th,58th,10th,$4.9K  -  $79.1K,$59.3K  -  $949.2K,--,19.775M 3.2%
CNN,864th,240th,220th,14th,$25.1K  -  $400.9K,$300.7K  -  $4.8M,100K 0.0%,100.229M 0.9%
Mazhavil Manorama,447th,216th,116th,233rd,$78.9K  -  $1.3M,$946.9K  -  $15.2M,300K 50.0%,315.634M 10.8%
DisneyChannelUK,289th,231st,32nd,236th,$38.4K  -  $614K,$460.5K  -  $7.4M,200K 0.0%,153.51M 15.2%
Blippi - Educational Videos for Kids,426th,227th,203rd,29th,$60.8K  -  $972.5K,$729.4K  -  $11.7M,300K 0.0%,243.133M 3.5%
ABC News,"1,163rd",247th,254th,21st,$23.9K  -  $381.8K,$286.3K  -  $4.6M,100K 0.0%,95.445M 20.8%
AdeleVEVO,"2,860th",256th,24th,129th,$42.1K  -  $673.3K,$505K  -  $8.1M,--,168.328M 152.3%
IndiaTV,"1,594th",238th,33rd,3rd,$49.6K  -  $793K,$594.8K  -  $9.5M,400K 0.0%,198.253M 37.3%
eltrece,"1,071st",248th,11th,266th,$24.2K  -  $387.6K,$290.7K  -  $4.7M,100K 0.0%,96.891M 31.3%
TRANS7 OFFICIAL,273rd,235th,5th,67th,$59.3K  -  $948.7K,$711.5K  -  $11.4M,300K 50.0%,237.168M 17.4%
SelenaGomezVEVO,"1,634th",265th,179th,142nd,$15.5K  -  $248K,$186K  -  $3M,--,61.995M 13.4%
Cartoon Network,"4,402nd",260th,338th,300th,$23.1K  -  $369.8K,$277.3K  -  $4.4M,100K 0.0%,92.445M 38.6%
michaeljacksonVEVO,"1,078th",257th,493rd,315th,$27.2K  -  $434.5K,$325.9K  -  $5.2M,--,108.625M 5.2%
Kaji Family,902nd,254th,528th,472nd,$38.2K  -  $611.8K,$458.9K  -  $7.3M,100K 11.1%,152.952M 221.9%
enchufetv,"2,604th",287th,3rd,11th,$20.6K  -  $329K,$246.7K  -  $3.9M,200K 100.0%,82.238M 36.2%
SiaVEVO,"2,537th",270th,360th,250th,$13.9K  -  $221.9K,$166.4K  -  $2.7M,-10K 0.0%,55.479M 0.0%
Britain's Got Talent,"3,859th",269th,19th,102nd,$13.2K  -  $211.5K,$158.6K  -  $2.5M,100K 50%,52.882M 38.9%
Geet MP3,716th,252nd,25th,43rd,$39.2K  -  $627.6K,$470.7K  -  $7.5M,400K 0.0%,156.889M 1.2%
ETV Jabardasth,579th,246th,123rd,33rd,$46.1K  -  $737.9K,$553.4K  -  $8.9M,200K 100.0%,184.476M 4.6%
JTBC Entertainment,783rd,259th,34th,569th,$32K  -  $512.1K,$384.1K  -  $6.1M,50K 0.0%,128.021M 17.3%
الـريماس - Al-Remas,"3,082nd",264th,1st,122nd,$38.1K  -  $610.1K,$457.6K  -  $7.3M,100K 0.0%,152.535M 424.4%
Anuel AA,832nd,267th,6th,88th,$26.7K  -  $427.7K,$320.8K  -  $5.1M,100K 50%,106.925M 27.3%
Mother Goose Club,"1,312th",273rd,438th,63rd,$22.8K  -  $365.4K,$274.1K  -  $4.4M,100K 11.1%,91.36M 8.6%
elrubiusOMG,"8,898th",286th,1st,3rd,$9K  -  $144.4K,$108.3K  -  $1.7M,100K 0.0%,36.098M 112.3%
The Late Late Show with James Corden,"2,773rd",279th,44th,41st,$15.6K  -  $250.3K,$187.7K  -  $3M,--,62.574M 12.6%
ShawnMendesVEVO,"2,291st",280th,305th,220th,$17.4K  -  $278.8K,$209.1K  -  $3.3M,--,69.692M 14.9%
Ch7HD,592nd,261st,11th,189th,$41.9K  -  $669.6K,$502.2K  -  $8M,100K 66.7%,167.404M 26.5%
PitbullVEVO,"2,699th",282nd,378th,257th,$12.5K  -  $200K,$150K  -  $2.4M,-10K 0.0%,49.995M 1.9%
Gusttavo Lima Oficial,781st,263rd,16th,106th,$45.8K  -  $733.3K,$550K  -  $8.8M,100K 0.0%,183.323M 1.3%
Troom Troom,"1,374th",284th,71st,5th,$10.9K  -  $174.5K,$130.8K  -  $2.1M,--,43.614M 7.7%
avex,"1,733rd",285th,12th,510th,$16.5K  -  $263.3K,$197.4K  -  $3.2M,20K 0.0%,65.816M 9.8%
GMA Public Affairs,349th,258th,4th,10th,$49.7K  -  $795.5K,$596.6K  -  $9.5M,300K 25%,198.864M 16.2%
Blu Toys Club Surprise,"77,694th",296th,610th,570th,$1.2K  -  $19.5K,$14.6K  -  $234.3K,--,4.88M 25.2%
Zé Neto e Cristiano,"1,490th",281st,36th,154th,$37.7K  -  $602.4K,$451.8K  -  $7.2M,200K 100.0%,150.607M 7.3%
Mnet Official,"29,481,197th","32,662,978th",--,"3,517,537th",$0.00  -  $0.02,$0.01  -  $0.19,-1 0.0%,4 73.3%
StarPlus,247th,271st,64th,91st,$65.7K  -  $1.1M,$787.9K  -  $12.6M,300K 50.0%,262.635M 25.3%
NBA,624th,294th,139th,4th,$26.8K  -  $429.2K,$321.9K  -  $5.2M,100K 0.0%,107.296M 153.4%
Mr Bean,953rd,289th,4th,5th,$24.3K  -  $389.5K,$292.1K  -  $4.7M,200K 33.3%,97.377M 20.7%
Disney Junior,424th,277th,292nd,268th,$53.8K  -  $861.2K,$645.9K  -  $10.3M,200K 0.0%,215.304M 15.1%
BRIGHT SIDE,698th,292nd,18th,2nd,$29.1K  -  $465.7K,$349.3K  -  $5.6M,300K 0.0%,116.425M 12.3%
AuthenticGames,"7,887th",315th,14th,19th,$3.6K  -  $57.3K,$43K  -  $687.8K,--,14.33M 27.2%
Las Ratitas,"1,690th",300th,5th,51st,$19.8K  -  $316.5K,$237.4K  -  $3.8M,100K 0.0%,79.131M 25.6%
Enes Batur,"1,166th",302nd,2nd,135th,$3.8K  -  $61.2K,$45.9K  -  $734.2K,--,15.296M 82.2%
Теремок ТВ,"2,694th",308th,27th,66th,$12.5K  -  $199.9K,$149.9K  -  $2.4M,110K 22.2%,49.972M 38.6%
officialpsy,"4,058th",312th,10th,131st,$15.1K  -  $241.3K,$181K  -  $2.9M,100K 0.0%,60.323M 3.7%
東海オンエア,645th,290th,9th,120th,$42K  -  $672.2K,$504.2K  -  $8.1M,40K 0.0%,168.053M 7.5%
XXXTENTACION,898th,307th,25th,31st,$27.3K  -  $437.5K,$328.1K  -  $5.3M,500K 0.0%,109.377M 1.9%
Gallina Pintadita,"1,861st",317th,26th,36th,$13.5K  -  $216.4K,$162.3K  -  $2.6M,100K 0.0%,54.111M 14.4%
ABP NEWS,510th,301st,22nd,2nd,$34.2K  -  $547.4K,$410.6K  -  $6.6M,200K 50%,136.855M 25.4%
Queen Official,"43,091,554th","41,890,541st","52,465th","855,029th",$0  -  $0,$0  -  $0,-2 0.0%,--
ItsFunneh,479th,295th,485th,147th,$41.4K  -  $661.9K,$496.4K  -  $7.9M,110K 0.0%,165.471M 14.1%
HUM TV,49th,250th,4th,124th,$148.3K  -  $2.4M,$1.8M  -  $28.5M,600K 20.0%,593.063M 16.5%
Official Pink Panther,998th,304th,144th,27th,$29.6K  -  $473.4K,$355.1K  -  $5.7M,200K 0.0%,118.36M 18.3%
Masha y el Oso,322nd,293rd,7th,13th,$51.8K  -  $828.2K,$621.2K  -  $9.9M,300K 25%,207.062M 17.6%
YoungBoy Never Broke Again,747th,303rd,344th,242nd,$54.7K  -  $876K,$657K  -  $10.5M,150K 36.4%,218.991M 38.9%
JesseAndMike,"5,035th",339th,243rd,218th,$5.7K  -  $90.5K,$67.9K  -  $1.1M,100K 0.0%,22.63M 21.1%
Kênh Thiếu Nhi - BHMEDIA,"16,408th",311th,355th,246th,$33.3K  -  $532.8K,$399.6K  -  $6.4M,80K 20%,133.209M 8.4%
Volga Video,"1,429th",322nd,85th,170th,$5.7K  -  $91.3K,$68.5K  -  $1.1M,100K 0.0%,22.836M 79.2%
KanalD,"3,233rd",341st,11th,506th,$12.7K  -  $203.5K,$152.6K  -  $2.4M,40K 33.3%,50.871M 3.8%
Dave and Ava - Nursery Rhymes and Baby Songs,521st,305th,190th,28th,$46.8K  -  $749.2K,$561.9K  -  $9M,200K 0.0%,187.289M 7.6%
BBC,"1,493rd",330th,33rd,235th,$24.9K  -  $397.7K,$298.3K  -  $4.8M,200K 100.0%,99.419M 89.6%
Kan & Aki's CHANNELかんあきチャンネル,"1,904th",334th,43rd,560th,$20.1K  -  $321.9K,$241.4K  -  $3.9M,10K 50%,80.478M 21.3%
BillionSurpriseToys - Nursery Rhymes,TBD,"19,603,501st","308,134th",--,$0.30  -  $5,$4  -  $58,--,1.202K 154.7%
GMM25Thailand,896th,356th,15th,206th,$22.1K  -  $353.7K,$265.3K  -  $4.2M,100K 0.0%,88.428M 13.3%
Lyrical Lemonade,627th,324th,116th,84th,$28.5K  -  $456.2K,$342.1K  -  $5.5M,100K 50%,114.039M 2.2%
DopeLyrics,313th,314th,180th,143rd,$41.8K  -  $668.7K,$501.5K  -  $8M,200K 0.0%,167.178M 7.1%
AviciiOfficialVEVO,"2,231st",346th,3rd,212th,$14.5K  -  $232.2K,$174.2K  -  $2.8M,--,58.054M 6.3%
HobbyFamilyTV,"3,555th",349th,"1,076th","1,127th",$10.3K  -  $164.6K,$123.5K  -  $2M,20K 0.0%,41.152M 16.9%
ABS-CBN News,"1,614th",333rd,8th,13th,$33.6K  -  $537.7K,$403.3K  -  $6.5M,100K 50%,134.421M 3.4%
White Hill Music,618th,331st,55th,92nd,$30.6K  -  $489.6K,$367.2K  -  $5.9M,100K 66.7%,122.394M 13.2%
Dua Lipa,270th,323rd,13th,96th,$39.2K  -  $626.9K,$470.2K  -  $7.5M,200K 0.0%,156.737M 9.1%
JenniferLopezVEVO,"3,719th",358th,609th,381st,$12K  -  $191.4K,$143.6K  -  $2.3M,-10K 0.0%,47.852M 3.5%
Lahari Music | T-Series,828th,338th,109th,178th,$32.9K  -  $526.8K,$395.1K  -  $6.3M,100K 50%,131.71M 9.4%
Jason Derulo,"1,839th",357th,151st,124th,$15.8K  -  $252.1K,$189K  -  $3M,100K 0.0%,63.015M 5.6%
Cartoon Network UK,887th,348th,58th,389th,$30.2K  -  $483.7K,$362.8K  -  $5.8M,90K 10%,120.926M 3.2%
NickiMinajAtVEVO,"2,063rd",364th,227th,171st,$9.8K  -  $156.8K,$117.6K  -  $1.9M,--,39.211M 24.9%
stampylonghead,"13,838th",376th,44th,94th,$3.5K  -  $56.2K,$42.1K  -  $674.2K,100K 0.0%,14.046M 19.7%
The Late Show with Stephen Colbert,"3,300th",359th,--,404th,$17.5K  -  $279.3K,$209.5K  -  $3.4M,20K 0.0%,69.818M 11.4%
BeckyGVEVO,"2,993rd",355th,681st,430th,$19K  -  $304.6K,$228.4K  -  $3.7M,--,76.149M 7.5%
Fox News,366th,306th,487th,40th,$75.4K  -  $1.2M,$905.1K  -  $14.5M,190K 29.6%,301.689M 17.6%
GMA News,483rd,329th,12th,27th,$46.7K  -  $747.9K,$561K  -  $9M,130K 40.9%,186.986M 4.2%
Stone Music Entertainment,"1,405th",352nd,18th,243rd,$27.9K  -  $446.6K,$335K  -  $5.4M,--,111.659M 3.9%
RedeTV,"2,864th",371st,54th,222nd,$20.3K  -  $325.2K,$243.9K  -  $3.9M,100K 0.0%,81.294M 61.0%
TRANS TV Official,988th,360th,17th,147th,$19.1K  -  $305.8K,$229.3K  -  $3.7M,100K 0.0%,76.438M 1%
Hear This Music,"1,681st",370th,4th,157th,$16.4K  -  $261.7K,$196.2K  -  $3.1M,--,65.415M 4.2%
Team Coco,"2,619th",369th,473rd,63rd,$16.6K  -  $265.5K,$199.1K  -  $3.2M,30K 50.0%,66.38M 8.0%
Saregama Music,383rd,291st,42nd,65th,$74.6K  -  $1.2M,$895.1K  -  $14.3M,500K 37.5%,298.364M 25.9%
BlackEyedPeasVEVO,"1,142nd",362nd,"1,303rd",824th,$20.2K  -  $323.9K,$242.9K  -  $3.9M,--,80.972M 19.4%
ESPN,"1,194th",373rd,502nd,22nd,$17.2K  -  $276K,$207K  -  $3.3M,30K 50.0%,68.991M 24.4%
DrakeVEVO,"2,204th",367th,390th,264th,$33.9K  -  $542.5K,$406.9K  -  $6.5M,-10K 0.0%,135.637M 17.7%
Smile Toys Review,750th,375th,86th,66th,$14.3K  -  $229.5K,$172.1K  -  $2.8M,100K 0.0%,57.382M 9.3%
Zadruga Official,239th,354th,--,"3,731st",$60.3K  -  $964.3K,$723.3K  -  $11.6M,20K 33.3%,241.084M 61.8%
POPS MUSIC,"2,867th",400th,7th,274th,$14.2K  -  $227.4K,$170.5K  -  $2.7M,40K 33.3%,56.846M 30.1%
Charlie Puth,"2,593rd",384th,118th,100th,$14.4K  -  $230.8K,$173.1K  -  $2.8M,100K 0.0%,57.699M 14.3%
Annoying Orange,"6,166th",390th,283rd,263rd,$7.3K  -  $116.6K,$87.5K  -  $1.4M,--,29.161M 17.5%
LazarBeam,"2,782nd",379th,3rd,23rd,$20.7K  -  $330.9K,$248.2K  -  $4M,100K 0.0%,82.722M 15.1%
Videogyan Nursery Rhymes - Kids Songs & Cartoons,"2,916th",399th,146th,43rd,$10.1K  -  $161.4K,$121K  -  $1.9M,--,40.343M 7.4%
Good Mythical Morning,"2,685th",397th,135th,99th,$14K  -  $223.9K,$167.9K  -  $2.7M,--,55.971M 22.2%
Cat Music,"2,862nd",402nd,2nd,371st,$10.4K  -  $166.5K,$124.9K  -  $2M,20K 0.0%,41.623M 2.7%
CollegeHumor,"5,369th",423rd,189th,20th,$5.8K  -  $92.4K,$69.3K  -  $1.1M,--,23.088M 1.9%
MBCkpop,"1,561st",392nd,20th,259th,$20.1K  -  $322.3K,$241.7K  -  $3.9M,60K 20.0%,80.563M 2.5%
Desi Music Factory,622nd,343rd,24th,40th,$66.5K  -  $1.1M,$798.5K  -  $12.8M,800K 11.1%,266.18M 3.8%
Sandaroo Kids,"154,205th","185,585th",714th,126th,$6  -  $90,$67  -  $1.1K,-10K 0.0%,22.396K 10.6%
Россия 24,428th,365th,40th,50th,$45.3K  -  $724.7K,$543.6K  -  $8.7M,100K 28.6%,181.187M 13.7%
El Payaso Plim Plim,214th,318th,10th,197th,$101.2K  -  $1.6M,$1.2M  -  $19.4M,400K 33.3%,404.828M 6.1%
WB Kids,660th,377th,112th,18th,$41.5K  -  $663.8K,$497.8K  -  $8M,300K 0.0%,165.94M 4.9%
Telemundo,"1,442nd",405th,231st,210th,$15.5K  -  $248.7K,$186.6K  -  $3M,100K 0.0%,62.184M 83.5%
Valentina Pontes,"35,625,526th","46,429,125th","829,975th","4,750,766th",$0  -  $0,$0  -  $0,-1 0.0%,--
SamSmithVEVO,"2,921st",408th,658th,414th,$15.2K  -  $243.4K,$182.5K  -  $2.9M,-10K 0.0%,60.847M 4.2%
Flowers Comedy,441st,363rd,170th,334th,$47.4K  -  $758.3K,$568.7K  -  $9.1M,160K 36%,189.579M 23.6%
BillieEilishVEVO,490th,383rd,--,"4,146th",$41.1K  -  $656.9K,$492.7K  -  $7.9M,--,164.229M 12.1%
MBC مصر,623rd,410th,3rd,264th,$11.4K  -  $181.8K,$136.3K  -  $2.2M,100K 0.0%,45.445M 25.6%
Познаватель,957th,395th,2nd,120th,$22.9K  -  $366.6K,$274.9K  -  $4.4M,100K 0.0%,91.638M 5.8%
Blippi Toys,513th,378th,497th,68th,$47.4K  -  $757.8K,$568.4K  -  $9.1M,190K 11.8%,189.457M 1.4%
Just For Laughs Gags,"2,131st",418th,258th,32nd,$4.7K  -  $74.9K,$56.2K  -  $898.9K,100K 0.0%,18.728M 68.6%
Me contro Te,"1,273rd",388th,6th,714th,$26.5K  -  $423.5K,$317.7K  -  $5.1M,30K 40%,105.884M 36.5%
POCOYÓ en ESPAÑOL - Canal Oficial,"1,321st",394th,25th,48th,$30.2K  -  $483.1K,$362.3K  -  $5.8M,100K 50%,120.763M 4.7%
Totoykids,"43,634,314th",581st,15th,21st,$0  -  $0,$0  -  $0,100K 0.0%,-1.073B 9.1%
GMMTV,"41,844,684th","27,267,284th","1,956,835th","1,754,617th",$0.00  -  $0.01,$0.01  -  $0.10,-1 0.0%,2 0.0%
Les' Copaque Production,"1,607th",419th,1st,32nd,$17.4K  -  $278K,$208.5K  -  $3.3M,100K 0.0%,69.506M 7.6%
Vat19,"4,862nd",435th,504th,451st,$9.4K  -  $151K,$113.3K  -  $1.8M,30K 200.0%,37.762M 40.4%
Zig & Sharko,"1,088th",404th,--,39th,$28.5K  -  $455.9K,$342K  -  $5.5M,200K 100.0%,113.983M 5.0%
СТС,576th,389th,23rd,60th,$55.3K  -  $884.1K,$663.1K  -  $10.6M,150K 114.3%,221.024M 26.7%
Like Nastya Vlog,"2,848th",432nd,4th,16th,$11.1K  -  $177.5K,$133.1K  -  $2.1M,--,44.369M 1.8%
KBS Entertain,946th,412th,66th,"1,102nd",$27.4K  -  $438.6K,$328.9K  -  $5.3M,30K 25%,109.646M 5.3%
Jorge & Mateus Oficial,581st,426th,35th,151st,$20.9K  -  $334.3K,$250.8K  -  $4M,--,83.587M 13.9%
Family Box,"1,620th",425th,24th,356th,$23.1K  -  $369.1K,$276.8K  -  $4.4M,120K 71.4%,92.264M 2.7%
zbing z.,760th,413th,8th,41st,$34.8K  -  $557.4K,$418.1K  -  $6.7M,300K 0.0%,139.357M 2.2%
FifthHarmonyVEVO,"7,231st",462nd,367th,254th,$6.9K  -  $110.4K,$82.8K  -  $1.3M,-10K 0.0%,27.599M 6.3%
Барбоскины,"3,860th",451st,63rd,113th,$11.7K  -  $187.7K,$140.8K  -  $2.3M,40K 100.0%,46.936M 2.4%
Flamingo,594th,411th,361st,105th,$37.8K  -  $604.7K,$453.5K  -  $7.3M,130K 62.5%,151.18M 1.8%
FV FAMILY,917th,417th,465th,416th,$37.2K  -  $594.5K,$445.9K  -  $7.1M,140K 75.0%,148.632M 12.8%
Chotoonz TV - Funny Cartoons for Kids,"2,448th",454th,302nd,44th,$12.6K  -  $202.3K,$151.7K  -  $2.4M,100K 0.0%,50.566M 16.8%
SebastianYatraVEVO,448th,437th,"1,998th","1,245th",$21.1K  -  $338K,$253.5K  -  $4.1M,--,84.511M 2.1%
The X Factor UK,"10,508th",476th,56th,382nd,$4.7K  -  $75.8K,$56.9K  -  $909.8K,20K 0.0%,18.954M 8.5%
BIGBANG,"3,806th",465th,13th,156th,$11K  -  $176.4K,$132.3K  -  $2.1M,100K 0.0%,44.109M 6.4%
PostMaloneVEVO,"1,552nd",445th,"1,288th",807th,$20.5K  -  $328.6K,$246.5K  -  $3.9M,--,82.157M 3.6%
Antena 3,"4,502nd",461st,57th,606th,$12.3K  -  $196.9K,$147.6K  -  $2.4M,70K 0.0%,49.216M 3.8%
Caso Cerrado,"1,189th",439th,362nd,325th,$24.6K  -  $394.2K,$295.6K  -  $4.7M,80K 0.0%,98.549M 1.4%
1MILLION Dance Studio,"1,877th",452nd,4th,47th,$15.5K  -  $248K,$186K  -  $3M,100K 0.0%,61.998M 8.2%
Clean Bandit,"2,511th",463rd,50th,247th,$13K  -  $208.6K,$156.4K  -  $2.5M,40K 0.0%,52.14M 4.9%
Wesley Safadão,"1,625th",459th,45th,164th,$12.2K  -  $195.3K,$146.4K  -  $2.3M,100K 0.0%,48.814M 19.6%
SIS vs BRO,"4,937th",480th,9th,159th,$6.5K  -  $103.3K,$77.5K  -  $1.2M,--,25.833M 3.6%
Peacock Kids,"2,913th",467th,412th,367th,$14.7K  -  $235.1K,$176.3K  -  $2.8M,40K 0.0%,58.775M 12.1%
Porta dos Fundos,"4,850th",474th,23rd,110th,$10.6K  -  $170K,$127.5K  -  $2M,--,42.494M 10.4%
Robin Hood Gamer,422nd,401st,22nd,30th,$55.5K  -  $888.1K,$666.1K  -  $10.7M,300K 0.0%,222.021M 11.6%
Troom Troom Es,"1,934th",464th,--,11th,$15.1K  -  $241.4K,$181.1K  -  $2.9M,200K 100.0%,60.358M 23.4%
MeghanTrainorVEVO,"7,464th",485th,492nd,314th,$6.5K  -  $103.5K,$77.6K  -  $1.2M,--,25.872M 8.7%
Got Talent Global,"2,027th",456th,16th,86th,$19.2K  -  $306.5K,$229.9K  -  $3.7M,200K 0.0%,76.618M 18.9%
RizaNovaUZ,"1,499th",438th,41st,359th,$32K  -  $511.9K,$384K  -  $6.1M,140K 12.5%,127.983M 11.6%
Ninja Kidz TV,608th,407th,149th,125th,$49.1K  -  $786.1K,$589.5K  -  $9.4M,300K 50.0%,196.516M 0.7%
Kwebbelkop,"2,154th",490th,174th,42nd,$0  -  $0,$0  -  $0,100K 0.0%,-69.552M 259.2%
Think Music India,387th,422nd,142nd,215th,$46.4K  -  $743.1K,$557.3K  -  $8.9M,300K 50.0%,185.764M 6%
Thairath Online,372nd,275th,14th,15th,$58.8K  -  $940.6K,$705.5K  -  $11.3M,200K 0.0%,235.162M 13.8%
Você Sabia?,"2,573rd",473rd,4th,13th,$16.4K  -  $263.2K,$197.4K  -  $3.2M,200K 33.3%,65.789M 7.5%
SBS Entertainment,754th,448th,49th,750th,$26.5K  -  $424.3K,$318.2K  -  $5.1M,60K 14.3%,106.069M 1.2%
Brancoala,972nd,470th,88th,328th,$46.8K  -  $749K,$561.8K  -  $9M,100K 0.0%,187.259M 412%
Little Baby Bum en Español,"4,565th",498th,17th,37th,$7.5K  -  $120K,$90K  -  $1.4M,--,29.991M 9.1%
rsfriends,"4,813th",495th,20th,277th,$9.7K  -  $155.9K,$117K  -  $1.9M,40K 0.0%,38.984M 5.3%
MEGA Oficial,"2,330th",489th,5th,431st,$13.8K  -  $221.4K,$166.1K  -  $2.7M,40K 50%,55.359M 23.3%
Lucas and Marcus,"4,489th",497th,62nd,49th,$6.9K  -  $110K,$82.5K  -  $1.3M,--,27.495M 39.2%
LosPolinesios,"2,282nd",491st,5th,4th,$15.4K  -  $246.4K,$184.8K  -  $3M,100K 0.0%,61.611M 12.8%
MrSuicideSheep,"3,621st",500th,12th,204th,$9.1K  -  $145.5K,$109.1K  -  $1.7M,--,36.364M 4.2%
TheRichest,"9,871st",513th,165th,31st,$6K  -  $96.7K,$72.5K  -  $1.2M,100K 0.0%,24.163M 23.8%
MK MUSIC,999th,475th,43rd,161st,$25.8K  -  $412.7K,$309.6K  -  $5M,200K 100.0%,103.184M 6.4%
FutureVEVO,"3,331st",501st,"1,073rd",695th,$9.6K  -  $153.3K,$115K  -  $1.8M,--,38.335M 2.5%
Slogo,"1,004th",478th,45th,93rd,$23.6K  -  $378.3K,$283.7K  -  $4.5M,--,94.575M 14.1%
kevingatesTV,"1,165th",487th,593rd,369th,$21.9K  -  $350.4K,$262.8K  -  $4.2M,40K 0.0%,87.61M 1.8%
Letupita725HD★,"3,006th",494th,3rd,219th,$19.6K  -  $313.5K,$235.1K  -  $3.8M,50K 25.0%,78.382M 3.5%
Lifetime,"2,287th",509th,881st,888th,$9.3K  -  $149.4K,$112.1K  -  $1.8M,40K 100.0%,37.36M 15.4%
Just4fun290,"11,321st",521st,"1,356th","1,430th",$4.3K  -  $69.2K,$51.9K  -  $830K,10K 0.0%,17.292M 7.2%
Cardi B,"1,091st",496th,--,109th,$17K  -  $271.3K,$203.4K  -  $3.3M,100K 0.0%,67.813M 5.2%
BritneySpearsVEVO,"2,648th",512th,941st,616th,$12.2K  -  $195.7K,$146.8K  -  $2.3M,-10K 0.0%,48.928M 8.1%
The Lallantop,319th,484th,57th,8th,$33.1K  -  $529.8K,$397.4K  -  $6.4M,300K 50.0%,132.461M 15.4%
AzzyLand,"5,113th",598th,11th,187th,$460  -  $7.4K,$5.5K  -  $88.2K,-100K 0.0%,1.838M 94%
Sun TV,134th,368th,86th,174th,$110.3K  -  $1.8M,$1.3M  -  $21.2M,400K 33.3%,441.07M 5.3%
MSNBC,853rd,483rd,"1,064th",102nd,$30.6K  -  $489.5K,$367.2K  -  $5.9M,30K 50.0%,122.384M 5.5%
HaAshVEVO,"2,503rd",517th,"1,253rd",787th,$12.8K  -  $204.5K,$153.4K  -  $2.5M,--,51.119M 0.2%
DJSnakeVEVO,"3,177th",520th,643rd,404th,$13K  -  $208.3K,$156.2K  -  $2.5M,-10K 0.0%,52.069M 12.4%
Фиксики,"6,433rd",536th,57th,108th,$7.6K  -  $121.4K,$91.1K  -  $1.5M,20K 0.0%,30.355M 2.6%
CNCOVEVO,"3,716th",527th,770th,498th,$8.6K  -  $138.4K,$103.8K  -  $1.7M,--,34.598M 7.3%
Kontor.TV,"4,416th",550th,14th,488th,$6.9K  -  $109.7K,$82.3K  -  $1.3M,10K 50%,27.434M 10.5%
HikakinGames,"2,151st",515th,14th,309th,$15.4K  -  $246.3K,$184.7K  -  $3M,40K 20%,61.578M 22.4%
ArkivaShqip,"4,008th",525th,33rd,"1,346th",$12.3K  -  $196.7K,$147.5K  -  $2.4M,20K 33.3%,49.168M 8.2%
David Dobrik,"15,941st",516th,120th,14th,$7.4K  -  $117.7K,$88.3K  -  $1.4M,--,29.418M 50.8%
Warner Music Italy,"1,901st",508th,7th,530th,$17.3K  -  $277.5K,$208.1K  -  $3.3M,30K 25%,69.37M 19.6%
atv,"1,384th",529th,7th,394th,$22.4K  -  $358.7K,$269K  -  $4.3M,200K 122.2%,89.67M 553.9%
littlemixVEVO,"1,680th",533rd,68th,324th,$12.1K  -  $192.9K,$144.6K  -  $2.3M,-10K 0.0%,48.216M 12%
PinkVEVO,"2,476th",541st,585th,358th,$11.3K  -  $181K,$135.8K  -  $2.2M,-10K 0.0%,45.255M 2.4%
GameGrumps,"7,093rd",551st,867th,308th,$7.4K  -  $117.6K,$88.2K  -  $1.4M,--,29.409M 0.9%
IDJVideos.TV,"2,130th",538th,1st,"1,578th",$7.7K  -  $123.4K,$92.6K  -  $1.5M,10K 0.0%,30.858M 43.1%
Skrillex,"6,364th",554th,105th,93rd,$8.2K  -  $130.7K,$98K  -  $1.6M,--,32.664M 35.1%
Rooster Teeth,"28,264th",572nd,394th,54th,$2.1K  -  $33.7K,$25.3K  -  $404.6K,--,8.429M 11.9%
Tayo the Little Bus,"2,451st",523rd,570th,78th,$22.4K  -  $358.2K,$268.7K  -  $4.3M,140K 0.0%,89.552M 5.4%
Çukur,503rd,537th,17th,119th,$12.9K  -  $206.9K,$155.2K  -  $2.5M,10K 50%,51.735M 27.6%
Angry Birds,"1,741st",522nd,3rd,331st,$29.7K  -  $476K,$357K  -  $5.7M,90K 50.0%,118.994M 52.8%
Funny Family Games tv,"2,165th",553rd,76th,265th,$13K  -  $208.4K,$156.3K  -  $2.5M,90K 80.0%,52.102M 18.6%
GunsNRosesVEVO,"2,038th",544th,"1,024th",668th,$15.7K  -  $251.4K,$188.5K  -  $3M,--,62.839M 7.3%
Top Viral Talent,"3,536th",555th,255th,232nd,$11.5K  -  $184.7K,$138.5K  -  $2.2M,100K 0.0%,46.176M 27.5%
شبكة العاب العرب | Arab Games Network,836th,502nd,3rd,38th,$31.4K  -  $501.8K,$376.4K  -  $6M,200K 0.0%,125.462M 17.4%
prenses elif,"5,329th",582nd,61st,"1,623rd",$4K  -  $64.6K,$48.5K  -  $775.2K,--,16.15M 10.5%
Patati Patatá,"1,481st",540th,117th,307th,$21.9K  -  $349.8K,$262.3K  -  $4.2M,100K 11.1%,87.449M 1.1%
truly,"3,856th",557th,54th,31st,$26.8K  -  $429.4K,$322.1K  -  $5.2M,120K 20%,107.355M 10.1%
Swan & Néo,"3,354th",542nd,26th,780th,$18.4K  -  $294.7K,$221.1K  -  $3.5M,40K 33.3%,73.683M 13.2%
packattack04082,"3,509th",571st,"1,023rd",376th,$12K  -  $192.2K,$144.2K  -  $2.3M,40K 100.0%,48.05M 24.1%
Collins Key,"4,667th",564th,67th,54th,$11.3K  -  $181K,$135.8K  -  $2.2M,--,45.25M 1.4%
Zee News,296th,457th,51st,7th,$63.1K  -  $1M,$757.5K  -  $12.1M,400K 42.9%,252.498M 30.8%
Comedy Central,"70,380th",577th,310th,41st,$10.5K  -  $167.8K,$125.9K  -  $2M,100K 0.0%,41.955M 1.9%
CantaJuegoVEVO,"2,471st",546th,462nd,296th,$20.7K  -  $330.4K,$247.8K  -  $4M,140K 0.0%,82.602M 0.5%
뽀로로(Pororo),"3,681st",566th,69th,189th,$12.7K  -  $203.9K,$152.9K  -  $2.4M,30K 25%,50.973M 16.3%
VikatanTV,"1,465th",552nd,300th,612th,$21.4K  -  $342.1K,$256.6K  -  $4.1M,50K 25.0%,85.528M 12.2%
Boyce Avenue,"5,548th",586th,160th,130th,$8.2K  -  $130.5K,$97.9K  -  $1.6M,--,32.626M 3.8%
FitDance,"3,151st",578th,31st,138th,$15K  -  $240.6K,$180.4K  -  $2.9M,--,60.141M 5.2%
Natti Natasha,968th,506th,325th,228th,$35.4K  -  $565.8K,$424.4K  -  $6.8M,200K 0.0%,141.457M 10.7%
ABP NEWS HINDI,"1,385th",574th,47th,6th,$12K  -  $192.4K,$144.3K  -  $2.3M,100K 0.0%,48.09M 31.4%
Dan-Sa / Daniel Saboya,"3,479th",590th,18th,112th,$7.1K  -  $114.3K,$85.7K  -  $1.4M,--,28.577M 14.2%
TEDx Talks,"1,937th",568th,28th,1st,$15.4K  -  $245.9K,$184.4K  -  $3M,300K 25%,61.47M 14.4%
Masha e o Urso,687th,528th,25th,29th,$27.2K  -  $434.9K,$326.2K  -  $5.2M,100K 50%,108.737M 13.9%
Migos ATL,"2,421st",561st,260th,193rd,$16.1K  -  $258.2K,$193.7K  -  $3.1M,100K 0.0%,64.556M 16%
KSI,"7,776th",605th,7th,72nd,$4.1K  -  $65.3K,$49K  -  $783.8K,100K 0.0%,16.329M 44.9%
V6 News Telugu,416th,519th,273rd,53rd,$39.3K  -  $628.2K,$471.2K  -  $7.5M,120K 7.7%,157.059M 10.8%
Poll Production,"1,355th",548th,39th,753rd,$24.2K  -  $387.3K,$290.5K  -  $4.6M,40K 33.3%,96.829M 3.5%
EllieGouldingVEVO,"8,855th",611th,548th,343rd,$5.4K  -  $85.7K,$64.3K  -  $1M,-10K 0.0%,21.428M 8.1%
Julia MineGirl,"1,299th",559th,111th,138th,$22.1K  -  $354.1K,$265.6K  -  $4.2M,110K 10.0%,88.536M 3.8%
Piso 21,"2,196th",593rd,19th,357th,$12.1K  -  $193.4K,$145K  -  $2.3M,20K 50%,48.348M 17.2%
RickyMartinVEVO,"5,531st",602nd,"1,264th",795th,$8.7K  -  $139K,$104.2K  -  $1.7M,--,34.747M 3.4%
The Dodo,764th,534th,327th,3rd,$52.7K  -  $843.8K,$632.8K  -  $10.1M,300K 114.3%,210.948M 57.2%
OneRepublicVEVO,"3,169th",606th,804th,523rd,$11.2K  -  $179.4K,$134.6K  -  $2.2M,-10K 0.0%,44.85M 9.7%
Lady Diana,763rd,535th,3rd,248th,$33.4K  -  $534.6K,$400.9K  -  $6.4M,200K 0.0%,133.643M 12.4%
핑크퐁 (인기 동요・동화),"2,388th",588th,19th,48th,$23.4K  -  $374.8K,$281.1K  -  $4.5M,140K 0.0%,93.689M 61.4%
NFL,"5,237th",570th,483rd,20th,$46.7K  -  $746.6K,$559.9K  -  $9M,220K 57.1%,186.649M 29.5%
Warner Bros. Pictures,"5,453rd",600th,341st,305th,$12.4K  -  $197.9K,$148.4K  -  $2.4M,100K 233.3%,49.475M 31.8%
SBS Drama,"1,846th",569th,50th,788th,$30.2K  -  $483.2K,$362.4K  -  $5.8M,110K 22.2%,120.791M 14.3%
Eurovision Song Contest,935th,613th,3rd,"1,098th",$7.2K  -  $115.2K,$86.4K  -  $1.4M,20K 100.0%,28.807M 18.9%
Ali-A,"12,143rd",633rd,18th,27th,$2.8K  -  $44.5K,$33.3K  -  $533.6K,--,11.116M 42.9%
TraLaLa - Cantece si desene animate pentru copii,"2,653rd",604th,4th,621st,$17.5K  -  $280K,$210K  -  $3.4M,70K 0.0%,69.996M 6.0%
Anitta,"2,654th",627th,27th,128th,$10.8K  -  $172.4K,$129.3K  -  $2.1M,100K 0.0%,43.093M 14.1%
Dr. Phil,"7,374th",636th,721st,711th,$5.4K  -  $86.4K,$64.8K  -  $1M,50K 400.0%,21.608M 43.1%
The Official Gummibär Channel,"3,505th",620th,592nd,96th,$13.3K  -  $212.5K,$159.4K  -  $2.6M,60K 20.0%,53.132M 22.4%
Talking Tom & Friends,"1,576th",596th,192nd,164th,$19.6K  -  $313.8K,$235.3K  -  $3.8M,100K 0.0%,78.449M 2.6%
Поззи,"2,749th",591st,15th,67th,$29.2K  -  $466.6K,$349.9K  -  $5.6M,200K 0.0%,116.64M 38.9%
DEL Records,"2,036th",610th,404th,273rd,$17.3K  -  $276.6K,$207.5K  -  $3.3M,80K 14.3%,69.154M 0%
Трум Трум,"1,735th",617th,12th,22nd,$12.9K  -  $205.8K,$154.4K  -  $2.5M,100K 0.0%,51.462M 5.1%
50CentVEVO,"2,109th",616th,"1,070th",691st,$18.4K  -  $294.3K,$220.8K  -  $3.5M,-10K 0.0%,73.586M 5.1%
The Young Turks,"7,717th",638th,889th,86th,$6.7K  -  $106.6K,$79.9K  -  $1.3M,10K 66.7%,26.645M 36%
Aayu and Pihu Show,402nd,514th,79th,27th,$44.4K  -  $710.1K,$532.6K  -  $8.5M,200K 50%,177.528M 20.9%
Renato Garcia,805th,579th,10th,50th,$35K  -  $560.2K,$420.1K  -  $6.7M,200K 0.0%,140.048M 34.4%
TheGrefg,"2,807th",628th,7th,31st,$11.6K  -  $186.3K,$139.7K  -  $2.2M,--,46.568M 28.1%
Preston,"1,523rd",612th,125th,89th,$17.3K  -  $277K,$207.8K  -  $3.3M,200K 100.0%,69.262M 6.3%
theRadBrad,"2,284th",642nd,224th,55th,$8K  -  $128.1K,$96.1K  -  $1.5M,100K 0.0%,32.028M 8.2%
Sevimli Dostlar,940th,597th,15th,104th,$29K  -  $463.6K,$347.7K  -  $5.6M,100K 11.1%,115.911M 9.2%
MatheusKauanVEVO,"1,693rd",623rd,"1,140th",733rd,$16.9K  -  $269.7K,$202.2K  -  $3.2M,--,67.416M 8%
Paulo Londra,"1,267th",594th,6th,103rd,$30.7K  -  $491.9K,$369K  -  $5.9M,200K 0.0%,122.987M 5.8%
League of Legends,"2,022nd",631st,200th,45th,$20.1K  -  $321.6K,$241.2K  -  $3.9M,--,80.4M 47.0%
GENIAL,"1,351st",618th,4th,3rd,$19.5K  -  $312.4K,$234.3K  -  $3.7M,300K 50.0%,78.1M 3.8%
Crafty Panda,843rd,643rd,111th,10th,$5.8K  -  $92.3K,$69.3K  -  $1.1M,--,23.087M 24.3%
WhenGamersFail ► Lyon,"1,249th",595th,13th,432nd,$23.5K  -  $376K,$282K  -  $4.5M,30K 25%,94.006M 29.3%
tvN DRAMA,"1,448th",621st,47th,748th,$24.3K  -  $388.3K,$291.3K  -  $4.7M,60K 100.0%,97.084M 24.3%
Nickelodeon UK,"1,377th",624th,110th,775th,$22.5K  -  $359.8K,$269.9K  -  $4.3M,60K 25%,89.958M 3.1%
RemexMusic,"3,529th",648th,83rd,419th,$9K  -  $143.4K,$107.6K  -  $1.7M,30K 0.0%,35.854M 8.3%
justintimberlakeVEVO,"3,153rd",645th,684th,436th,$0  -  $0,$0  -  $0,-10K 0.0%,-5.288M 111.9%
acdcVEVO,"2,244th",640th,"1,870th","1,153rd",$16.9K  -  $269.9K,$202.4K  -  $3.2M,--,67.469M 1.8%
PlanetaOfficial,"3,038th",644th,1st,"1,652nd",$13K  -  $207.4K,$155.5K  -  $2.5M,10K 0.0%,51.849M 6.5%
DrossRotzank,"3,344th",657th,4th,5th,$8.8K  -  $141.3K,$105.9K  -  $1.7M,100K 50%,35.313M 0.2%
M2,963rd,603rd,29th,479th,$34.7K  -  $555.4K,$416.6K  -  $6.7M,140K 55.6%,138.853M 9.6%
PTXofficial,"7,386th",667th,110th,98th,$6.8K  -  $108.1K,$81K  -  $1.3M,100K 0.0%,27.015M 12.9%
DemiLovatoVEVO,"5,064th",672nd,268th,200th,$5.1K  -  $82.3K,$61.7K  -  $987.9K,--,20.581M 15.4%
MariahCareyVEVO,"3,852nd",658th,"1,774th","1,102nd",$14.5K  -  $232.5K,$174.4K  -  $2.8M,--,58.125M 7.9%
เรื่องเล่าเช้านี้,"1,849th",637th,22nd,41st,$23.6K  -  $378.1K,$283.6K  -  $4.5M,110K 10.0%,94.519M 14.6%
Red Hot Chili Peppers,"1,977th",656th,679th,432nd,$17.9K  -  $286.7K,$215K  -  $3.4M,50K 0.0%,71.667M 1.6%
YTN news,"31,019,257th","21,414,767th",--,"226,573rd",$0.00  -  $0.03,$0.02  -  $0.34,--,7 16.7%
DC Kids,"2,647th",662nd,733rd,127th,$14.5K  -  $231.7K,$173.8K  -  $2.8M,50K 16.7%,57.922M 17.9%
T-Series Hamaar Bhojpuri,"2,841st",655th,144th,221st,$22.1K  -  $353.5K,$265.1K  -  $4.2M,200K 0.0%,88.365M 12.0%
Tasty,"4,763rd",678th,90th,8th,$7.2K  -  $115.6K,$86.7K  -  $1.4M,--,28.908M 2.4%
Netflix Jr.,155th,609th,405th,56th,$43.6K  -  $697.4K,$523.1K  -  $8.4M,290K 46.3%,174.357M 33.2%
Toy Trains 4u,"42,789th",722nd,200th,"1,551st",$1.5K  -  $24.3K,$18.2K  -  $291.5K,10K 0.0%,6.074M 3.7%
Rafa & Luiz,"1,485th",665th,26th,131st,$25.7K  -  $411.4K,$308.5K  -  $4.9M,200K 100.0%,102.848M 20.2%
Martin Garrix,"3,813th",691st,2nd,149th,$10.4K  -  $166.9K,$125.2K  -  $2M,--,41.727M 6.4%
TV9 Telugu Live,"43,634,313th",635th,224th,42nd,$45.2K  -  $722.9K,$542.2K  -  $8.7M,100K 23.1%,180.735M 7.6%
TravisScottVEVO,"1,475th",681st,"3,064th","1,940th",$17.4K  -  $277.7K,$208.3K  -  $3.3M,--,69.43M 5.7%
TopMovieClips,856th,632nd,491st,76th,$44.3K  -  $709.3K,$532K  -  $8.5M,230K 11.5%,177.336M 16.6%
Synergy تامر مرسي,TBD,"40,508,947th",--,--,$0.01  -  $0.11,$0.08  -  $1,8 0.0%,27 0.0%
DJKhaledVEVO,685th,693rd,931st,602nd,$11.8K  -  $188.4K,$141.3K  -  $2.3M,--,47.095M 5.8%
Анимационные сериалы,"2,033rd",755th,62nd,114th,$12K  -  $192.7K,$144.5K  -  $2.3M,30K 0.0%,48.177M 122.3%
AWESMR pop,"8,057th",721st,589th,542nd,$5.6K  -  $89.6K,$67.2K  -  $1.1M,40K 0.0%,22.394M 14.3%
DUDU e CAROL,"1,019th",674th,30th,150th,$34.1K  -  $545.4K,$409K  -  $6.5M,300K 200.0%,136.346M 29.2%
FARRUKOVEVO,"4,033rd",673rd,767th,496th,$37K  -  $591.6K,$443.7K  -  $7.1M,--,147.9M 2.9%
MBC THE VOICE KIDS,"5,789th",711th,13th,435th,$11.6K  -  $186.2K,$139.7K  -  $2.2M,50K 16.7%,46.555M 6.5%
Linus Tech Tips,"2,395th",686th,10th,11th,$20.2K  -  $323.3K,$242.4K  -  $3.9M,100K 0.0%,80.815M 3.6%
MarkRonsonVEVO,"5,661st",728th,"1,395th",887th,$9.5K  -  $152K,$114K  -  $1.8M,-10K 0.0%,37.992M 8.5%
MBCdrama,"5,442nd",734th,"1,094th","1,155th",$12.2K  -  $195.6K,$146.7K  -  $2.3M,50K 25.0%,48.897M 29.9%
Sing King,"1,541st",699th,55th,268th,$19.6K  -  $313.4K,$235.1K  -  $3.8M,80K 0.0%,78.357M 32.4%
Maiara e Maraisa,"5,536th",739th,116th,304th,$9.5K  -  $151.4K,$113.6K  -  $1.8M,40K 33.3%,37.853M 15.5%
Nickelodeon,"2,373rd",713th,375th,337th,$17.9K  -  $285.9K,$214.4K  -  $3.4M,70K 22.2%,71.475M 0.0%
옛드 : 옛날 드라마 [드라맛집],"2,271st",696th,136th,"2,050th",$22K  -  $352K,$264K  -  $4.2M,30K 25%,88.001M 8.1%
Tekashi 6ix9ine,"3,550th",743rd,103rd,94th,$8K  -  $127.7K,$95.8K  -  $1.5M,--,31.936M 7.5%
5-Minute Crafts PLAY,"4,707th",726th,107th,9th,$8.3K  -  $132.1K,$99.1K  -  $1.6M,--,33.023M 63.7%
ولاية بطيخ | Melon City Show,"4,941st",719th,2nd,31st,$13.1K  -  $209.1K,$156.8K  -  $2.5M,--,52.267M 12.6%
Mor Haryanvi,"1,342nd",705th,140th,213th,$15.9K  -  $255K,$191.2K  -  $3.1M,100K 0.0%,63.75M 17.1%
OGGY,"1,344th",697th,4th,50th,$21.1K  -  $338.2K,$253.7K  -  $4.1M,200K 33.3%,84.551M 7.5%
GRM Daily,727th,684th,140th,673rd,$22K  -  $351.5K,$263.6K  -  $4.2M,60K 33.3%,87.873M 13.1%
Lachlan,"11,497th",759th,6th,43rd,$5.4K  -  $87.1K,$65.4K  -  $1M,--,21.787M 6.9%
TazerCraft,"5,297th",753rd,49th,53rd,$10.2K  -  $163.5K,$122.7K  -  $2M,100K 0.0%,40.886M 11.4%
Monde des Titounis,"2,803rd",736th,28th,140th,$17.4K  -  $278.8K,$209.1K  -  $3.3M,110K 83.3%,69.697M 24.2%
Boram Tube ToysReview [보람튜브 토이리뷰],"23,737th",764th,12th,30th,$3.8K  -  $60.6K,$45.5K  -  $727.5K,--,15.155M 15.5%
CamilaCabelloVEVO,"8,121st",750th,--,583rd,$10.8K  -  $172.3K,$129.2K  -  $2.1M,--,43.064M 0.8%
AP International,"1,432nd",708th,258th,512th,$23.3K  -  $372.1K,$279K  -  $4.5M,110K 15.4%,93.015M 13%
ĐÔNG TÂY PROMOTION OFFICIAL,"1,379th",745th,10th,495th,$17.4K  -  $279.2K,$209.4K  -  $3.3M,180K 800.0%,69.792M 41.6%
MBC GROUP,"7,496th",775th,12th,425th,$4.4K  -  $70.7K,$53K  -  $848K,30K 50.0%,17.666M 5.5%
BonJoviVEVO,"3,001st",754th,"1,962nd","1,226th",$11.7K  -  $187.3K,$140.5K  -  $2.2M,--,46.837M 1.1%
JessieJVEVO,"7,975th",768th,89th,406th,$5.8K  -  $92.4K,$69.3K  -  $1.1M,-10K 0.0%,23.109M 0.5%
Lele Pons,"5,624th",779th,126th,111th,$4.3K  -  $69.5K,$52.2K  -  $834.6K,--,17.387M 21.5%
MileyCyrusVEVO,"3,431st",770th,337th,234th,$6.6K  -  $104.8K,$78.6K  -  $1.3M,--,26.207M 5%
FaZe Rug,"1,616th",737th,98th,74th,$19.8K  -  $316.3K,$237.2K  -  $3.8M,100K 66.7%,79.072M 16.6%
W2S,"22,230th",804th,22nd,122nd,$0  -  $0,$0  -  $0,--,-2.556M 121.6%
KidsTV123,"8,150th",785th,156th,218th,$9K  -  $143.3K,$107.5K  -  $1.7M,40K 0.0%,35.833M 3.1%
SOMOY TV,232nd,607th,245th,42nd,$73.8K  -  $1.2M,$886K  -  $14.2M,300K 40%,295.321M 18.6%
MTZ Manuel Turizo,"1,477th",763rd,16th,313th,$13.5K  -  $215.7K,$161.8K  -  $2.6M,40K 0.0%,53.934M 4.1%
SUPER SLICK SLIME SAM,871st,718th,21st,17th,$22.2K  -  $355.3K,$266.4K  -  $4.3M,200K 0.0%,88.814M 16.6%
National Geographic,"3,606th",782nd,115th,83rd,$13.8K  -  $220.9K,$165.7K  -  $2.7M,200K 0.0%,55.221M 27.8%
ETV Dhee,674th,701st,215th,424th,$28.5K  -  $456.2K,$342.1K  -  $5.5M,130K 13.3%,114.049M 15.5%
Теремок - Песенки для детей,"1,383rd",746th,32nd,421st,$26.4K  -  $421.9K,$316.4K  -  $5.1M,160K 6.7%,105.463M 7.5%
tvN,"1,279th",773rd,110th,"1,725th",$15.4K  -  $245.6K,$184.2K  -  $2.9M,30K 50.0%,61.4M 127.8%
Macklemore LLC,"5,466th",794th,458th,295th,$8.6K  -  $137.7K,$103.3K  -  $1.7M,30K 0.0%,34.42M 4.5%
HolaSoyGerman.,"13,668th",824th,2nd,11th,$3.6K  -  $56.9K,$42.7K  -  $683.2K,100K 0.0%,14.233M 5.3%
Metallica,"1,504th",752nd,540th,334th,$23.9K  -  $382.2K,$286.7K  -  $4.6M,90K 0.0%,95.558M 1.4%
PrinceRoyceVEVO,"3,660th",799th,771st,499th,$8.7K  -  $138.6K,$103.9K  -  $1.7M,--,34.638M 7.4%
Wassabi,"21,881st",840th,261st,242nd,$1.7K  -  $26.7K,$20K  -  $320.1K,--,6.668M 52.8%
Первый канал,897th,720th,43rd,52nd,$37.4K  -  $598.1K,$448.6K  -  $7.2M,150K 50.0%,149.525M 26.0%
AvrilLavigneVEVO,"6,442nd",817th,623rd,388th,$7.2K  -  $115.4K,$86.6K  -  $1.4M,--,28.862M 5.7%
Kuplinov ► Play,"1,153rd",762nd,16th,69th,$18.7K  -  $299.4K,$224.6K  -  $3.6M,200K 0.0%,74.853M 2.4%
Trap City,"4,842nd",815th,3rd,152nd,$8K  -  $127.5K,$95.6K  -  $1.5M,--,31.872M 0.9%
Chouftv - شوف تيفي,"4,640th",798th,4th,58th,$13.1K  -  $210K,$157.5K  -  $2.5M,50K 25.0%,52.502M 35.0%
KBS Kpop,"1,257th",748th,42nd,422nd,$26.4K  -  $422.9K,$317.2K  -  $5.1M,100K 42.9%,105.735M 7.7%
KN Channel,"5,030th",810th,667th,664th,$8.7K  -  $139K,$104.2K  -  $1.7M,10K 66.7%,34.741M 12.1%
Enaldinho,"1,147th",677th,19th,15th,$53.9K  -  $862.1K,$646.6K  -  $10.3M,200K 0.0%,215.521M 3%
Disney UK,"3,379th",795th,88th,107th,$13.4K  -  $213.7K,$160.3K  -  $2.6M,60K 25%,53.435M 14.5%
Clevver News,"11,657th",848th,971st,996th,$3.9K  -  $62.5K,$46.8K  -  $749.5K,--,15.615M 7.6%
Willyrex,"17,428th",829th,8th,32nd,$8.4K  -  $134.8K,$101.1K  -  $1.6M,--,33.709M 9.9%
Puthiyathalaimurai TV,203rd,"1,315th",228th,45th,$92.1K  -  $1.5M,$1.1M  -  $17.7M,70K 36.4%,368.444M 122.4%
TuTiTuTV,"3,601st",820th,1st,163rd,$11.9K  -  $189.7K,$142.3K  -  $2.3M,110K 22.2%,47.433M 19.9%
Официальный канал КВН,"43,631,388th",860th,85th,144th,$5.2K  -  $82.9K,$62.1K  -  $994.3K,10K 50%,20.714M 28.9%
ExtremeToys TV,"2,662nd",793rd,613th,574th,$12.8K  -  $204.4K,$153.3K  -  $2.5M,50K 54.5%,51.094M 30%
TLC,"3,058th",837th,637th,621st,$12K  -  $191.3K,$143.4K  -  $2.3M,70K 16.7%,47.813M 9.6%
ExtraPolinesios,"8,252nd",851st,14th,18th,$5.3K  -  $85.4K,$64K  -  $1M,--,21.343M 18.6%
5-Minute Crafts GIRLY,"4,294th",818th,88th,7th,$10.8K  -  $173.4K,$130.1K  -  $2.1M,--,43.353M 24.1%
Stephen Sharer,"4,196th",836th,419th,374th,$8.6K  -  $137.5K,$103.2K  -  $1.7M,10K 50%,34.383M 18%
SBS NOW / SBS 공식 채널,"1,984th",801st,65th,"1,054th",$13.9K  -  $222.9K,$167.2K  -  $2.7M,50K 28.6%,55.726M 24.2%
Капуки Кануки,"6,332nd",845th,197th,329th,$13.2K  -  $210.8K,$158.1K  -  $2.5M,60K 50.0%,52.696M 27.4%
Nick Jr. Россия,"1,316th",761st,71st,695th,$33K  -  $527.3K,$395.4K  -  $6.3M,140K 16.7%,131.815M 7.9%
EvanTubeHD,"19,529th",870th,596th,553rd,$4.8K  -  $77K,$57.7K  -  $923.6K,40K 100.0%,19.241M 35.3%
icanrockyourworld,"3,713th",831st,433rd,68th,$13.6K  -  $217.4K,$163K  -  $2.6M,80K 14.3%,54.344M 7.1%
UnspeakableGaming,"5,953rd",846th,288th,85th,$8.7K  -  $139.1K,$104.3K  -  $1.7M,--,34.768M 26%
ELLO,"7,069th",872nd,137th,766th,$5.6K  -  $88.8K,$66.6K  -  $1.1M,10K 50%,22.212M 7.5%
Zee Telugu,"43,632,770th",671st,120th,238th,$57.8K  -  $924.8K,$693.6K  -  $11.1M,100K 50%,231.201M 2%
AnuelVEVO,"5,529th",864th,--,"1,416th",$8.4K  -  $135K,$101.3K  -  $1.6M,-10K 0.0%,33.761M 46.7%
Vie Channel - HTV2,"1,146th",995th,6th,347th,$0  -  $0,$0  -  $0,40K 0.0%,-34.243M 86.6%
Awakening Music,"1,895th",856th,34th,191st,$9.7K  -  $155.9K,$116.9K  -  $1.9M,100K 0.0%,38.976M 1.3%
Cut,"4,765th",867th,303rd,274th,$6.2K  -  $98.9K,$74.2K  -  $1.2M,--,24.731M 14%
AlHayah TV Network,"2,649th",868th,5th,423rd,$7.3K  -  $117.2K,$87.9K  -  $1.4M,50K 25.0%,29.289M 16.6%
FRESH Movie Trailers,"9,764th",902nd,885th,156th,$1.7K  -  $27.9K,$20.9K  -  $334.5K,10K 0.0%,6.97M 34.1%
Disney Junior España,"4,378th",828th,44th,484th,$15K  -  $239.3K,$179.5K  -  $2.9M,90K 18.2%,59.818M 9.4%
СМОТРИМ. Русские сериалы,"43,634,245th",898th,42nd,94th,$9.6K  -  $152.8K,$114.6K  -  $1.8M,120K 50.0%,38.211M 3.7%
عائلة فيحان,"11,818th",876th,36th,795th,$6.1K  -  $97.3K,$73K  -  $1.2M,10K 50%,24.329M 16.4%
Funny Stop Motion videos,"230,945th",916th,38th,420th,$112  -  $1.8K,$1.3K  -  $21.4K,-20K 100.0%,446.161K 1.9%
JP Plays,"2,074th",881st,74th,89th,$9.8K  -  $156.7K,$117.5K  -  $1.9M,100K 0.0%,39.172M 37.3%
Lyna,"1,050th",767th,9th,74th,$28.6K  -  $458.4K,$343.8K  -  $5.5M,300K 50.0%,114.595M 9.9%
YOGSCAST Lewis & Simon,"25,621st",906th,77th,186th,$1.3K  -  $21.6K,$16.2K  -  $258.9K,-10K 0.0%,5.393M 42.4%
The LaBrant Fam,"6,527th",884th,211th,34th,$3.9K  -  $62.8K,$47.1K  -  $754K,--,15.708M 38.8%
wisinofficalVEVO,"8,648th",883rd,"1,106th",710th,$9.6K  -  $153.6K,$115.2K  -  $1.8M,-10K 0.0%,38.394M 84.5%
RotonMusicTV,"7,872nd",878th,5th,642nd,$6.1K  -  $97.7K,$73.3K  -  $1.2M,40K 33.3%,24.425M 15.2%
Parafernalha,"9,594th",900th,52nd,208th,$3.9K  -  $62.6K,$47K  -  $751.7K,--,15.66M 18.8%
ボンボンTV,"2,637th",849th,109th,"2,858th",$12.5K  -  $200.5K,$150.4K  -  $2.4M,--,50.133M 8.8%
Маша та Ведмідь,"9,188th",875th,5th,289th,$14.1K  -  $225.4K,$169.1K  -  $2.7M,100K 0.0%,56.35M 73.0%
Genieland,"92,377th",931st,655th,652nd,$343  -  $5.5K,$4.1K  -  $65.9K,-10K 0.0%,1.373M 18.5%
ThaliaVEVO,"6,036th",893rd,"2,612th","1,640th",$6.7K  -  $107.4K,$80.5K  -  $1.3M,-10K 0.0%,26.847M 2.5%
Tu COSMOPOLIS,"3,235th",879th,16th,19th,$10K  -  $160K,$120K  -  $1.9M,--,39.997M 4.6%
LMFAOVEVO,"8,528th",905th,520th,323rd,$4.8K  -  $77.2K,$57.9K  -  $926.2K,20K 0.0%,19.296M 12.8%
GamingWithKev,"5,395th",886th,523rd,162nd,$9.2K  -  $147.6K,$110.7K  -  $1.8M,50K 25.0%,36.907M 6.2%
Netflix,844th,841st,79th,62nd,$46.2K  -  $738.5K,$553.9K  -  $8.9M,500K 66.7%,184.627M 237%
Howcast,"12,155th",928th,452nd,66th,$3.7K  -  $59.8K,$44.9K  -  $717.9K,30K 50.0%,14.956M 0.4%
Aventura,"1,157th",786th,970th,632nd,$30K  -  $479.3K,$359.5K  -  $5.8M,90K 0.0%,119.825M 5.4%
FAP TV,"4,275th",882nd,2nd,26th,$7.6K  -  $122K,$91.5K  -  $1.5M,100K 0.0%,30.493M 30%
Rans Entertainment,811th,819th,4th,61st,$28.5K  -  $456.6K,$342.5K  -  $5.5M,400K 100.0%,114.154M 37.2%
Reaction Time,"22,525th",944th,164th,141st,$624  -  $10K,$7.5K  -  $119.8K,--,2.496M 8%
Câmeras Escondidas Programa Silvio Santos,"1,962nd",852nd,130th,468th,$20.1K  -  $321.9K,$241.5K  -  $3.9M,80K 20%,80.484M 45.9%
Power Rangers Official,"2,879th",896th,467th,72nd,$13.6K  -  $217.8K,$163.4K  -  $2.6M,60K 0.0%,54.45M 8.2%
jesseyjoyoficial,"3,130th",877th,74th,383rd,$14.5K  -  $231.2K,$173.4K  -  $2.8M,50K 25.0%,57.805M 0.6%
ElTrollino,"1,207th",800th,10th,34th,$24.1K  -  $384.9K,$288.7K  -  $4.6M,200K 50%,96.221M 17.4%
SyrebralVibes,"2,166th",853rd,598th,374th,$15K  -  $240K,$180K  -  $2.9M,70K 12.5%,59.996M 28.7%
滾石唱片 ROCK RECORDS,"3,025th",899th,7th,"1,128th",$11.7K  -  $186.6K,$139.9K  -  $2.2M,20K 0.0%,46.639M 9.5%
CoryxKenshin,"2,060th",806th,275th,78th,$40.8K  -  $653.4K,$490.1K  -  $7.8M,300K 50%,163.361M 8.8%
Wish 107.5,"2,135th",863rd,9th,186th,$11.6K  -  $185.9K,$139.4K  -  $2.2M,200K 100.0%,46.478M 44.9%
NTV Telugu,444th,766th,385th,77th,$38.1K  -  $609.6K,$457.2K  -  $7.3M,90K 35.7%,152.404M 23.3%
Proximity,"6,238th",937th,427th,385th,$5.8K  -  $93.3K,$70K  -  $1.1M,10K 50%,23.324M 12.2%
KBS Drama,"3,224th",908th,104th,"1,591st",$13.1K  -  $209.8K,$157.4K  -  $2.5M,30K 50.0%,52.461M 8.9%
JRE Clips,"2,917th",915th,708th,197th,$6.8K  -  $109.6K,$82.2K  -  $1.3M,20K 0.0%,27.397M 22.8%
TVSmeshariki,"4,936th",924th,212th,355th,$9.9K  -  $158.2K,$118.6K  -  $1.9M,20K 0.0%,39.543M 4%
Adexe & Nau,"7,117th",947th,16th,179th,$5K  -  $79.6K,$59.7K  -  $955.6K,100K 0.0%,19.907M 16.1%
TRT Çocuk,961st,901st,20th,872nd,$15.5K  -  $247.7K,$185.8K  -  $3M,50K 66.7%,61.93M 7.7%
Dance India Dance,5th,926th,185th,352nd,$12.4K  -  $198.5K,$148.9K  -  $2.4M,120K 33.3%,49.619M 16.9%
Mohamed Ramadan I محمد رمضان,"1,416th",903rd,2nd,192nd,$13.5K  -  $216.6K,$162.4K  -  $2.6M,100K 50%,54.138M 21.1%
Gato Galactico,"32,043,090th",--,"257,762nd","378,639th",$0  -  $0,$0  -  $0,--,--
Shemaroo Movies,741st,935th,63rd,23rd,$0  -  $0,$0  -  $0,500K 0.0%,-324.389M 271.3%
Pina Records,"4,329th",936th,331st,231st,$9K  -  $144.2K,$108.2K  -  $1.7M,100K 0.0%,36.053M 10.4%
Dharma Productions,"4,925th",934th,191st,64th,$12K  -  $192.2K,$144.1K  -  $2.3M,70K 0.0%,48.048M 0.3%
JTBC Drama,"2,240th",939th,81st,"1,254th",$9.8K  -  $156.8K,$117.6K  -  $1.9M,30K 50.0%,39.19M 11.4%
Zee Bangla,"43,634,316th",812th,128th,247th,$36.6K  -  $586.3K,$439.7K  -  $7M,200K 100.0%,146.577M 8.4%
The Daily Show with Trevor Noah,"3,104th",954th,387th,52nd,$14.5K  -  $231.4K,$173.6K  -  $2.8M,40K 20%,57.862M 11.9%
Kodak Black,"3,018th",927th,--,362nd,$140.8K  -  $2.3M,$1.7M  -  $27M,50K 25.0%,563.226M 232.1%
DokuzSekiz Müzik,"5,642nd",969th,72nd,"1,068th",$7.1K  -  $113.9K,$85.4K  -  $1.4M,10K 50%,28.474M 12.6%
AkonVEVO,"4,678th",948th,"1,495th",940th,$11.6K  -  $185.8K,$139.3K  -  $2.2M,--,46.446M 2.8%
Brave Wilderness,"5,618th",942nd,106th,1st,$8.8K  -  $140.4K,$105.3K  -  $1.7M,100K 0.0%,35.105M 10%
Unbox Therapy,"5,191st",976th,7th,4th,$3.7K  -  $59.8K,$44.9K  -  $717.7K,--,14.952M 43.6%
Thuy Nga,"3,449th",919th,914th,589th,$33.1K  -  $529.3K,$396.9K  -  $6.4M,250K 400.0%,132.315M 121.8%
Selena,"4,354th",962nd,97th,"2,249th",$6.6K  -  $105.9K,$79.4K  -  $1.3M,10K 50%,26.469M 29.2%
Talent Recap,"1,929th",887th,445th,400th,$21.7K  -  $347.5K,$260.6K  -  $4.2M,200K 11.1%,86.881M 10.7%
UFC - Ultimate Fighting Championship,"1,627th",894th,234th,7th,$19.9K  -  $319.2K,$239.4K  -  $3.8M,100K 0.0%,79.79M 4.8%
OficialMana,"2,775th",946th,143rd,675th,$15.3K  -  $245.1K,$183.8K  -  $2.9M,50K 25.0%,61.265M 7.5%
Planeta das Gêmeas,"5,126th",970th,34th,158th,$9.7K  -  $155K,$116.2K  -  $1.9M,100K 0.0%,38.742M 25.2%
Univision Noticias,"3,845th",966th,682nd,63rd,$9.6K  -  $152.8K,$114.6K  -  $1.8M,60K 14.3%,38.202M 17.3%
MuzikPlay,"1,300th",914th,57th,934th,$14.8K  -  $236.1K,$177.1K  -  $2.8M,50K 25.0%,59.025M 28.6%
CNN Indonesia,"1,571st",952nd,44th,36th,$12.7K  -  $203.9K,$152.9K  -  $2.4M,90K 10%,50.966M 7.5%
EBS 키즈,"8,227th",987th,113th,353rd,$6.6K  -  $106.4K,$79.8K  -  $1.3M,--,26.6M 13.5%
BuzzFeed Multiplayer,"28,713th","1,024th",356th,73rd,$1.7K  -  $26.6K,$20K  -  $319.5K,-10K 0.0%,6.655M 34.6%
Madonna,"2,362nd",950th,918th,591st,$16.7K  -  $267.3K,$200.5K  -  $3.2M,60K 0.0%,66.82M 5.1%
Deji,"25,051st","1,019th",43rd,65th,$739  -  $11.8K,$8.9K  -  $142K,--,2.958M 29.9%
Ini Talk Show,"7,003rd",982nd,37th,57th,$6.6K  -  $104.9K,$78.7K  -  $1.3M,30K 40%,26.223M 26.1%
KhalidVEVO,"3,095th",974th,--,"1,631st",$10.3K  -  $164.2K,$123.2K  -  $2M,--,41.055M 7.8%
Bie The Ska,"43,634,094th",984th,13th,195th,$12.8K  -  $204.9K,$153.7K  -  $2.5M,100K 0.0%,51.23M 74.2%
Show Ana Haber,"2,089th",975th,142nd,309th,$7.1K  -  $113.7K,$85.3K  -  $1.4M,10K 50%,28.424M 40.8%
H2ODelirious,"5,514th","1,005th",208th,49th,$5.1K  -  $81.4K,$61.1K  -  $977.2K,--,20.359M 0.6%
Daily Bumps,"32,981st","1,032nd",912th,269th,$1.3K  -  $20K,$15K  -  $240.5K,-10K 0.0%,5.01M 9.2%
Rasmey Hang Meas,"1,852nd",943rd,1st,540th,$20.4K  -  $327K,$245.3K  -  $3.9M,80K 14.3%,81.76M 8.6%
حِرف إبداعية في 5 دقائق,"7,265th","1,021st",1st,18th,$3.2K  -  $51.3K,$38.4K  -  $615.1K,--,12.816M 34.6%
Disney,"7,392nd","1,394th",866th,869th,$5.5K  -  $87.6K,$65.7K  -  $1.1M,20K 0.0%,21.906M 1.7%
Larva TUBA,"5,001st",979th,21st,58th,$11.7K  -  $186.7K,$140K  -  $2.2M,90K 28.6%,46.676M 8.7%
GEazyMusicVEVO,"5,201st",997th,"1,401st",886th,$10.6K  -  $170.1K,$127.6K  -  $2M,--,42.528M 18.7%
Kids smile TV,"3,098th",986th,343rd,303rd,$13K  -  $208.5K,$156.4K  -  $2.5M,100K 0.0%,52.119M 7.4%
Makiman131,"6,339th",972nd,11th,154th,$16.5K  -  $263.4K,$197.5K  -  $3.2M,100K 50%,65.843M 0%
Telefe,"4,494th","1,020th",24th,917th,$8.7K  -  $138.7K,$104K  -  $1.7M,40K 33.3%,34.666M 394.1%
Bratayley,"46,127th","1,054th",578th,146th,$1.3K  -  $20.5K,$15.4K  -  $245.6K,-10K 0.0%,5.117M 6%
ZENSE Entertainment,"1,746th","1,004th",34th,588th,$3.9K  -  $62K,$46.5K  -  $744.1K,50K 0.0%,15.502M 70.7%
SuperHeroKids,"3,484th","1,002nd",619th,582nd,$7.7K  -  $123.4K,$92.5K  -  $1.5M,30K 25%,30.843M 19.9%
Luan Santana,"4,535th",965th,67th,206th,$15.4K  -  $246K,$184.5K  -  $3M,100K 0.0%,61.512M 25.4%
Три Кота,"1,445th",955th,92nd,159th,$23K  -  $368.3K,$276.2K  -  $4.4M,90K 80.0%,92.07M 10.7%
whitneyhoustonVEVO,"3,078th",998th,"2,214th","1,406th",$12.4K  -  $197.8K,$148.3K  -  $2.4M,-10K 0.0%,49.444M 8.7%
My Little Pony Official,"1,797th",967th,"1,333rd",273rd,$23.1K  -  $369.1K,$276.8K  -  $4.4M,100K 11.1%,92.264M 20.9%
Lil pump,"3,281st","1,049th",--,110th,$3.2K  -  $50.5K,$37.9K  -  $606.5K,--,12.635M 15.2%
POPS Kids,"1,195th",996th,1st,30th,$0  -  $0,$0  -  $0,--,-82.077M 175.5%
Marvel Entertainment,"2,147th",964th,140th,109th,$14.4K  -  $231.1K,$173.3K  -  $2.8M,100K 80%,57.776M 59.6%
ماشا و الدب,"42,493,915th","43,432,611th",--,--,$0  -  $0,$0  -  $0,-2 33.3%,--
Ennahar tv,"1,682nd",977th,2nd,43rd,$12.1K  -  $194.1K,$145.6K  -  $2.3M,70K 12.5%,48.537M 2.3%
Mickey Mouse,"2,629th",989th,757th,132nd,$14.2K  -  $226.9K,$170.2K  -  $2.7M,60K 25%,56.728M 11.1%
SlivkiShow,"4,368th","1,012th",1st,75th,$8.5K  -  $135.5K,$101.7K  -  $1.6M,100K 0.0%,33.883M 21.1%
Ghiền Mì Gõ,"4,133rd","1,052nd",19th,112th,$3.7K  -  $59.5K,$44.6K  -  $714.4K,-10K 0.0%,14.882M 14.6%
Rclbeauty101,"33,276th","1,086th",184th,19th,$1.3K  -  $20.5K,$15.4K  -  $246.2K,--,5.129M 1.5%
FavijTV,"13,465th","1,055th",5th,240th,$3.8K  -  $61.1K,$45.9K  -  $733.7K,10K 50%,15.285M 41.2%
Troom Troom PT,"4,975th","1,033rd",--,30th,$7K  -  $111.6K,$83.7K  -  $1.3M,100K 0.0%,27.891M 6.4%
The Voice Thailand,"23,809th","1,081st",43rd,721st,$2.4K  -  $37.7K,$28.2K  -  $451.9K,10K 50%,9.414M 18.7%
Ricis Official,"2,009th",973rd,2nd,40th,$47K  -  $752.6K,$564.5K  -  $9M,800K 700.0%,188.151M 201.0%
CaptainSparklez,"40,594th","1,094th",276th,79th,$1.2K  -  $19.3K,$14.5K  -  $231.6K,--,4.824M 21%
ЕвгенБро,"1,178th",971st,30th,139th,$20.8K  -  $333.1K,$249.9K  -  $4M,130K 44.4%,83.286M 17.8%
TygaVEVO,"6,307th","1,051st","1,551st",989th,$6.7K  -  $107.4K,$80.6K  -  $1.3M,-10K 0.0%,26.857M 8.8%
cricket.com.au,"1,437th","1,047th",11th,21st,$10.7K  -  $171.1K,$128.3K  -  $2.1M,40K 100.0%,42.772M 28.7%
KOCOWA TV,"1,916th","1,001st",698th,685th,$11.3K  -  $180.3K,$135.2K  -  $2.2M,50K 25.0%,45.068M 53.2%
湖南卫视芒果TV官方频道 China HunanTV Official Channel,"2,631st","1,073rd",6th,"1,132nd",$14.3K  -  $228.4K,$171.3K  -  $2.7M,30K 25%,57.106M 331.3%
Анатолий Шарий,"4,730th","1,039th",227th,451st,$10.6K  -  $169.4K,$127.1K  -  $2M,10K 50%,42.351M 10.9%
ALL THE K-POP,"2,981st","1,053rd",40th,654th,$9.6K  -  $153K,$114.8K  -  $1.8M,60K 50.0%,38.255M 14.5%
TV-People,"2,310th","1,031st",102nd,"1,562nd",$11.3K  -  $181.1K,$135.9K  -  $2.2M,30K 0.0%,45.286M 1.5%
Programa Pânico Lab,"8,790th","1,069th",89th,329th,$6.6K  -  $104.8K,$78.6K  -  $1.3M,30K 50.0%,26.202M 2.0%
SlenderMan™,"1,303rd",960th,29th,295th,$27.3K  -  $436.2K,$327.2K  -  $5.2M,80K 14.3%,109.057M 11.0%
Lokdhun Punjabi,"4,104th","1,036th",119th,189th,$10.7K  -  $170.5K,$127.9K  -  $2M,100K 0.0%,42.617M 5.5%
Sky Does Everything,"106,740th","1,115th",270th,75th,$344  -  $5.5K,$4.1K  -  $66K,--,1.376M 7.2%
PopArt Discos,"4,117th","1,050th",73rd,"1,278th",$10.3K  -  $165.1K,$123.8K  -  $2M,20K 0.0%,41.275M 3.4%
DIEN QUAN Comedy / Hài,"12,005th","1,090th",754th,741st,$3.6K  -  $57.1K,$42.9K  -  $685.7K,--,14.284M 30%
Kaykai Salaider,"1,597th","1,042nd",7th,136th,$8K  -  $128.7K,$96.5K  -  $1.5M,100K 200%,32.169M 17.2%
Movie Talkies,"7,380th","1,088th",308th,631st,$2.1K  -  $34.3K,$25.8K  -  $412K,10K 66.7%,8.584M 64.8%
Google India,"13,631st","1,056th",379th,38th,$0  -  $0,$0  -  $0,60K 20.0%,-117.861M 258.9%
Totoykids Español,"43,634,310th","1,027th",36th,42nd,$0  -  $0,$0  -  $0,200K 0.0%,-270.287M 282.4%
★ Kids Roma Show,"2,206th",920th,178th,151st,$56.6K  -  $905.6K,$679.2K  -  $10.9M,700K 75.0%,226.389M 76.1%
Blossom,"18,108th","1,082nd",238th,28th,$3.6K  -  $57.8K,$43.3K  -  $693.2K,--,14.441M 30.1%
truTV,"3,480th","1,061st","1,904th","1,994th",$9.3K  -  $148.3K,$111.2K  -  $1.8M,20K 50%,37.072M 11.8%
MBC The Voice,"10,824th","1,063rd",20th,686th,$8.7K  -  $138.5K,$103.9K  -  $1.7M,50K 25.0%,34.629M 2.7%
atiempopreescolar,"2,562nd","1,029th",6th,387th,$14.4K  -  $230.4K,$172.8K  -  $2.8M,110K 10.0%,57.597M 2.7%
América Televisión - Novelas,"1,278th",958th,6th,940th,$31.4K  -  $502K,$376.5K  -  $6M,100K 11.1%,125.507M 9.6%
DIEN QUAN Entertainment / Giải Trí,"4,202nd","1,142nd",28th,808th,$3.5K  -  $56K,$42K  -  $671.6K,--,13.991M 34.7%
Denis,"19,411th","1,127th",406th,119th,$2.1K  -  $33.4K,$25K  -  $400.5K,--,8.344M 7.7%
UsherVEVO,"5,458th","1,084th","1,471st",928th,$8.6K  -  $138.1K,$103.6K  -  $1.7M,--,34.534M 0.7%
djvlad,"3,846th","1,046th",997th,"1,034th",$11.5K  -  $183.5K,$137.6K  -  $2.2M,30K 0.0%,45.88M 10.4%
twenty one pilots,"1,691st","1,025th",235th,176th,$16.9K  -  $269.7K,$202.3K  -  $3.2M,--,67.417M 3.7%
EeOneGuy,"8,629th","1,138th",128th,93rd,$531  -  $8.5K,$6.4K  -  $101.9K,-100K 0.0%,2.122M 5.2%
Entertainment Tonight,"2,069th","1,026th","1,071st","1,125th",$17.9K  -  $286.9K,$215.2K  -  $3.4M,70K 22.2%,71.717M 15.3%
INNA,"6,231st","1,095th",56th,391st,$6.1K  -  $97K,$72.8K  -  $1.2M,30K 40%,24.251M 8.9%
Tv9 Kannada,151st,822nd,574th,110th,$56.2K  -  $899.8K,$674.8K  -  $10.8M,--,224.945M 5%
OHA diyorum!,"10,819th","1,129th",19th,798th,$2.5K  -  $39.4K,$29.6K  -  $473.4K,--,9.862M 2.7%
ZaynVEVO,"4,912th","1,089th",--,472nd,$8.9K  -  $142.5K,$106.9K  -  $1.7M,-10K 0.0%,35.621M 2.1%
whinderssonnunes,"9,013th","1,098th",3rd,1st,$6.6K  -  $105.7K,$79.3K  -  $1.3M,100K 0.0%,26.423M 19.5%
ERB,"22,479th","1,131st",175th,149th,$3.9K  -  $62K,$46.5K  -  $744.4K,--,15.508M 45.5%
Telugu Filmnagar,"43,634,027th","1,075th",165th,319th,$13K  -  $208.1K,$156K  -  $2.5M,100K 0.0%,52.016M 5.4%
RobleisIUTU,"1,476th","1,030th",7th,37th,$20.2K  -  $323.9K,$242.9K  -  $3.9M,200K 100.0%,80.968M 2.1%
Pablo Alborán,"5,596th","1,083rd",87th,565th,$10.5K  -  $168.4K,$126.3K  -  $2M,40K 0.0%,42.101M 9.2%
Beşiktaş Kültür Merkezi (BKM),"2,792nd","1,092nd",65th,318th,$7.2K  -  $115.6K,$86.7K  -  $1.4M,10K 0.0%,28.894M 61.3%
Elhiwar Ettounsi,"43,634,315th","1,091st",2nd,624th,$12K  -  $192.7K,$144.5K  -  $2.3M,60K 50.0%,48.167M 10.5%
THVL Giải Trí,"8,960th","1,172nd",44th,"1,093rd",$5K  -  $79.5K,$59.6K  -  $954.2K,--,19.88M 20.2%
Jazzghost,"2,413th","1,074th",62nd,65th,$12.1K  -  $192.8K,$144.6K  -  $2.3M,100K 0.0%,48.205M 15.9%
Screen Rant,"5,243rd","1,107th",480th,74th,$10.2K  -  $163.3K,$122.5K  -  $2M,50K 150.0%,40.827M 22.9%
Аид [VyacheslavOO],"8,154th","1,163rd",28th,131st,$3.2K  -  $50.5K,$37.8K  -  $605.4K,10K 0.0%,12.613M 24.8%
스브스케이팝 / SBS KPOP,"1,506th","1,000th",45th,464th,$32K  -  $512.3K,$384.2K  -  $6.1M,160K 100.0%,128.076M 24.5%
TheOdd1sOut,"43,633,620th","1,205th",134th,16th,$2.5K  -  $39.5K,$29.6K  -  $474.3K,--,9.882M 106.2%
TV Azteca Novelas y Series,"3,884th","1,102nd",92nd,723rd,$10.6K  -  $170.4K,$127.8K  -  $2M,50K 0.0%,42.593M 5.3%
AuronPlay,"6,621st","1,153rd",3rd,6th,$1.8K  -  $28.6K,$21.5K  -  $343.3K,100K 0.0%,7.153M 73.6%
Infinite,"3,152nd","1,104th",123rd,87th,$13.6K  -  $217.1K,$162.8K  -  $2.6M,100K 0.0%,54.27M 38.3%
RaeSremmurdVEVO,"17,427th","1,174th",865th,554th,$2.8K  -  $45.2K,$33.9K  -  $542.8K,-10K 0.0%,11.309M 0.6%
Passenger,"6,740th","1,144th",90th,412th,$7.1K  -  $114.3K,$85.7K  -  $1.4M,40K 33.3%,28.569M 3.1%
SeikinTV,"8,308th","1,132nd",25th,"1,284th",$8.5K  -  $135.3K,$101.5K  -  $1.6M,20K 66.7%,33.837M 25.2%
Viki Show,"4,157th","1,096th",22nd,351st,$11.8K  -  $188.6K,$141.5K  -  $2.3M,60K 14.3%,47.151M 24.1%
Thơ Nguyễn,545th,978th,8th,92nd,$12.1K  -  $193.6K,$145.2K  -  $2.3M,30K 50.0%,48.401M 18.1%
SBS TV동물농장x애니멀봐,"2,193rd","1,105th",80th,19th,$8.8K  -  $141.4K,$106.1K  -  $1.7M,40K 33.3%,35.356M 17.8%
5-Minute Crafts FAMILY,504th,941st,202nd,20th,$35.7K  -  $570.8K,$428.1K  -  $6.8M,200K 0.0%,142.691M 1.7%
Popcorn,"8,117th","1,141st","1,051st","1,099th",$8.2K  -  $130.8K,$98.1K  -  $1.6M,50K 16.7%,32.694M 8.7%
TheBrianMaps,"7,106th","1,134th",8th,128th,$9.4K  -  $150.4K,$112.8K  -  $1.8M,100K 0.0%,37.604M 28.6%
КУКУТИКИ - Детские песенки и мультики,"3,299th","1,109th",134th,231st,$12.4K  -  $197.8K,$148.4K  -  $2.4M,40K 0.0%,49.456M 2.1%
Step Records,"5,874th","1,151st",8th,925th,$9.1K  -  $145.7K,$109.3K  -  $1.7M,20K 0.0%,36.423M 12.4%
Muselk,"18,636th","1,187th",8th,112th,$2.4K  -  $38.1K,$28.6K  -  $457.6K,-20K 100.0%,9.534M 24.3%
兄者弟者,"3,488th","1,140th",53rd,707th,$8.7K  -  $139.5K,$104.6K  -  $1.7M,--,34.88M 8.5%
ChuChuTV Español,"4,663rd","1,130th",403rd,55th,$10.9K  -  $175K,$131.3K  -  $2.1M,80K 11.1%,43.755M 0.8%
Arcangel,"2,419th","1,097th",7th,251st,$18K  -  $287.8K,$215.9K  -  $3.5M,90K 80.0%,71.959M 32.7%
米津玄師,"4,554th","1,101st",10th,465th,$12.1K  -  $193K,$144.7K  -  $2.3M,20K 33.3%,48.239M 8.7%
PlayStation,"3,990th","1,113th",204th,46th,$11.7K  -  $187.9K,$141K  -  $2.3M,100K 50%,46.986M 45.1%
Its JoJo Siwa,"12,815th","1,185th",239th,217th,$3.6K  -  $57K,$42.8K  -  $684K,--,14.251M 5.6%
ChinoNachoVEVO,"6,609th","1,168th","1,684th","1,046th",$5.9K  -  $93.7K,$70.3K  -  $1.1M,--,23.434M 8.1%
Dek Jew Chill Out,"2,455th","1,148th",68th,320th,$8K  -  $128K,$96K  -  $1.5M,30K 50.0%,32.002M 1.3%
Insider,"2,370th","1,110th",594th,548th,$26.5K  -  $424.2K,$318.1K  -  $5.1M,120K 71.4%,106.038M 107.0%
platinumrecordsmusic,"9,049th","1,171st",16th,356th,$7.4K  -  $118.6K,$88.9K  -  $1.4M,50K 25.0%,29.649M 9.3%
Juice WRLD,"1,196th","1,043rd",410th,275th,$24.1K  -  $385.1K,$288.9K  -  $4.6M,90K 10%,96.286M 6.9%
ChuChuTV Surprise Eggs Learning Videos,"3,072nd","1,119th",291st,91st,$17.6K  -  $281.4K,$211.1K  -  $3.4M,120K 50.0%,70.351M 24.1%
Zee Tamil,653rd,938th,169th,331st,$53.7K  -  $858.9K,$644.2K  -  $10.3M,170K 30.8%,214.725M 25.2%
TrapMusicHDTV,"2,678th","1,133rd",1st,214th,$12.8K  -  $204.7K,$153.5K  -  $2.5M,--,51.172M 1.5%
Al Fondo hay Sitio,"1,408th","1,062nd",20th,"2,466th",$23.2K  -  $371.3K,$278.5K  -  $4.5M,30K 0.0%,92.824M 3.3%
KanyeWestVEVO,"7,251st","1,180th","1,506th",950th,$6.3K  -  $101.1K,$75.8K  -  $1.2M,-10K 0.0%,25.279M 14%
Flo Rida,"4,914th","1,170th",870th,569th,$8.5K  -  $135.6K,$101.7K  -  $1.6M,20K 0.0%,33.898M 11.9%
Phương Hữu Dưỡng,"6,250th","1,118th",16th,619th,$13.7K  -  $219.8K,$164.9K  -  $2.6M,20K 100.0%,54.954M 8.8%
Paluten,"2,870th","1,155th",28th,426th,$11.1K  -  $178K,$133.5K  -  $2.1M,20K 33.3%,44.504M 14.7%
NDTV,699th,"1,117th",139th,23rd,$17.5K  -  $279.5K,$209.6K  -  $3.4M,100K 0.0%,69.869M 17.3%
VICE,"1,854th","1,152nd",169th,146th,$10.5K  -  $168.5K,$126.4K  -  $2M,100K 0.0%,42.121M 40.9%
NirvanaVEVO,"3,456th","1,160th","1,907th","1,177th",$11.5K  -  $183.9K,$137.9K  -  $2.2M,--,45.97M 1.3%
News18 India,"1,886th","1,204th",110th,19th,$0  -  $0,$0  -  $0,--,-4.053M 119.9%
Gorillaz,"2,744th","1,125th",64th,305th,$17.2K  -  $275.6K,$206.7K  -  $3.3M,120K 7.7%,68.908M 0.6%
LanaDelReyVEVO,"5,144th","1,194th",791st,513th,$7.4K  -  $118.4K,$88.8K  -  $1.4M,-10K 0.0%,29.591M 8.9%
RT en Español,"1,362nd","1,059th",88th,81st,$25.6K  -  $410.2K,$307.6K  -  $4.9M,100K 0.0%,102.543M 15.8%
Netmediatama,"2,984th","1,178th",62nd,507th,$9.1K  -  $145.3K,$109K  -  $1.7M,70K 12.5%,36.32M 14.2%
水溜りボンド,"18,290th","1,225th",26th,"1,309th",$2.7K  -  $43.4K,$32.6K  -  $521.3K,-20K 100.0%,10.861M 40%
NBC News,"1,390th","1,087th",735th,70th,$22.1K  -  $353.9K,$265.4K  -  $4.2M,80K 27.3%,88.476M 13.6%
Pinkfong en español - Canciones Infantiles,"1,963rd","1,123rd",50th,54th,$20.9K  -  $334.4K,$250.8K  -  $4M,160K 33.3%,83.606M 10.0%
OficialHungria,"2,900th","1,167th",61st,188th,$0  -  $0,$0  -  $0,--,-252.572M 519.6%
And TV,"1,742nd","1,121st",88th,34th,$15K  -  $240.5K,$180.4K  -  $2.9M,100K 0.0%,60.134M 11.8%
ヒカル（Hikaru）,"3,923rd","1,126th",20th,"1,090th",$17K  -  $272.1K,$204.1K  -  $3.3M,40K 42.9%,68.028M 36.6%
BCC Gaming,"33,932nd","2,710,032nd",47th,99th,$89  -  $1.4K,$1.1K  -  $17K,--,354.02K 31.9%
Rosanna Pansino,"28,861st","1,226th",218th,25th,$3.1K  -  $49.6K,$37.2K  -  $595.8K,--,12.412M 26.3%
Truyen Hinh Vinh Long,"8,934th","1,206th",42nd,"1,062nd",$7.8K  -  $124.7K,$93.6K  -  $1.5M,50K 0.0%,31.185M 20.3%
Rai,"2,996th","1,207th",12th,114th,$9.7K  -  $155.1K,$116.3K  -  $1.9M,30K 50.0%,38.767M 10.7%
Sony Pictures Entertainment,"2,051st","1,169th",862nd,862nd,$10.9K  -  $173.8K,$130.4K  -  $2.1M,60K 84.6%,43.452M 52.8%
Kids Channel - Cartoon Videos for Kids,"7,377th","1,231st",748th,124th,$1.8K  -  $28.3K,$21.2K  -  $339.1K,20K 33.3%,7.065M 64.8%
AdMe.ru - Сайт о творчестве,"3,032nd","1,198th",9th,144th,$9K  -  $143.4K,$107.6K  -  $1.7M,100K 0.0%,35.853M 20.1%
NAGASWARA Official Video | Indonesian Music Channel,"6,432nd","1,211th",55th,326th,$9K  -  $143.2K,$107.4K  -  $1.7M,60K 0.0%,35.81M 8.3%
SurpriseToys,"84,039th","1,266th","1,906th","1,992nd",$428  -  $6.8K,$5.1K  -  $82.1K,-10K 0.0%,1.711M 15.5%
Kurt Hugo Schneider,"17,470th","1,249th",205th,188th,$3.3K  -  $52.3K,$39.3K  -  $628.1K,--,13.085M 1.0%
Фильмы и Сериалы Студии Квартал 95,"2,225th","1,184th",35th,327th,$11.3K  -  $181.4K,$136.1K  -  $2.2M,30K 25%,45.355M 9.5%
PDK Films,"2,329th","1,193rd",131st,97th,$0  -  $0,$0  -  $0,100K 0.0%,-12.502M 118.4%
ExplosmEntertainment,"10,955th","1,239th",293rd,37th,$5.5K  -  $88.2K,$66.2K  -  $1.1M,--,22.062M 32.0%
Looper,"11,214th","1,237th",824th,827th,$4.5K  -  $72.8K,$54.6K  -  $873.5K,20K 100.0%,18.198M 9.6%
iggyazaleamusicVEVO,"10,275th","1,242nd",30th,619th,$3.9K  -  $63.1K,$47.3K  -  $757.4K,--,15.779M 11.6%
Haschak Sisters,"6,118th","1,213th",397th,354th,$7K  -  $112K,$84K  -  $1.3M,20K 33.3%,28.002M 23.6%
Lilly Singh,"27,521st","1,264th",8th,18th,$2.3K  -  $36.9K,$27.7K  -  $442.7K,--,9.222M 7.2%
123 GO!,"1,968th","1,177th",309th,64th,$13.8K  -  $221.1K,$165.8K  -  $2.7M,100K 0.0%,55.265M 12.1%
James Charles,"13,925th","1,258th",61st,46th,$4.4K  -  $71K,$53.2K  -  $851.9K,-100K 50%,17.748M 18.3%
عائلة عمر,"1,883rd","1,166th",38th,225th,$16K  -  $255.7K,$191.8K  -  $3.1M,60K 14.3%,63.927M 13.7%
IDEIAS INCRÍVEIS,"39,800th","1,284th",29th,19th,$1.9K  -  $31.2K,$23.4K  -  $374.2K,--,7.795M 39.1%
21 Savage,"3,156th","1,215th",533rd,331st,$12.2K  -  $195.1K,$146.3K  -  $2.3M,40K 33.3%,48.765M 1.2%
Typical Gamer,"3,380th","1,221st",14th,57th,$8.4K  -  $134K,$100.5K  -  $1.6M,100K 0.0%,33.492M 6.6%
The Q,"6,116th","1,189th",242nd,13th,$12K  -  $191.7K,$143.7K  -  $2.3M,100K 50%,47.914M 20.4%
BBC Earth,"2,269th","1,186th",46th,4th,$26.8K  -  $428.3K,$321.2K  -  $5.1M,300K 500.0%,107.077M 121.6%
Chill Nation,"6,593rd","1,247th",323rd,229th,$6.7K  -  $107.3K,$80.5K  -  $1.3M,100K 0.0%,26.82M 8.3%
Niloya,"2,099th","1,188th",35th,204th,$17.8K  -  $284.4K,$213.3K  -  $3.4M,70K 16.7%,71.106M 16.3%
Camila Loures,"1,748th","1,199th",40th,181st,$15.6K  -  $249.8K,$187.3K  -  $3M,100K 0.0%,62.44M 1.7%
YAPYAP,"13,943rd","1,290th",22nd,947th,$2.3K  -  $37.5K,$28.1K  -  $450.3K,--,9.381M 14.1%
Gronkh,"9,784th","1,279th",20th,345th,$4.1K  -  $65.4K,$49.1K  -  $785.1K,--,16.356M 7.3%
Jaeguchi,"2,000th","1,164th",71st,704th,$21.9K  -  $350.3K,$262.7K  -  $4.2M,60K 50.0%,87.579M 5.9%
CinemaSins,"10,054th","1,268th",409th,62nd,$3.4K  -  $53.6K,$40.2K  -  $643.3K,--,13.402M 36.3%
Mejores Juguetes,"26,722nd","1,297th",24th,277th,$1.9K  -  $30.9K,$23.2K  -  $371.4K,--,7.737M 4.3%
MaitreGimsVEVO,"10,816th","1,269th",62nd,826th,$4.9K  -  $77.9K,$58.4K  -  $934.6K,--,19.47M 3.3%
Movieclips Coming Soon,"8,913th","1,275th","1,405th",290th,$4.4K  -  $71K,$53.3K  -  $852.3K,20K 0.0%,17.755M 1.9%
America's Got Talent,"6,300th","1,342nd",94th,72nd,$0  -  $0,$0  -  $0,100K 0.0%,-18.691K 100%
Coca-Cola,"43,634,093rd","1,145th","1,443rd",300th,$46.2K  -  $738.5K,$553.9K  -  $8.9M,20K 0.0%,184.635M 62.5%
Miniminter,"20,112th","1,301st",52nd,107th,$2K  -  $32.3K,$24.2K  -  $387.9K,20K 66.7%,8.081M 43.5%
RT,"5,422nd","1,263rd",116th,106th,$3.9K  -  $61.8K,$46.4K  -  $741.9K,20K 50%,15.455M 53.9%
Россия 1,"5,137th","1,116th",38th,520th,$31.7K  -  $507.6K,$380.7K  -  $6.1M,200K 11.1%,126.893M 11.1%
JFlaMusic,"13,439th","1,274th",8th,116th,$5.5K  -  $87.5K,$65.7K  -  $1.1M,--,21.885M 7.8%
KygoOfficialVEVO,"6,695th","1,280th","1,880th","1,165th",$6.9K  -  $111K,$83.2K  -  $1.3M,--,27.743M 20.9%
Armada Music,"11,768th","1,283rd",13th,610th,$5.3K  -  $84.2K,$63.1K  -  $1M,20K 100.0%,21.048M 5.8%
Мастерская Настроения,"5,096th","1,289th",10th,177th,$6.2K  -  $99.2K,$74.4K  -  $1.2M,100K 0.0%,24.812M 35.3%
LipaoGamer,"3,625th","1,255th",68th,81st,$8.9K  -  $142.7K,$107K  -  $1.7M,100K 0.0%,35.67M 0.4%
FROST,"46,700th","1,326th",26th,118th,$1K  -  $16.7K,$12.5K  -  $200.8K,--,4.183M 18.9%
Atta Halilintar,"2,514th","1,261st",1st,37th,$9.3K  -  $148.9K,$111.7K  -  $1.8M,100K 0.0%,37.233M 1.4%
ETV Plus India,"7,394th","1,246th",478th,173rd,$8.9K  -  $142.4K,$106.8K  -  $1.7M,40K 42.9%,35.591M 34.7%
ONE Media,"1,205th","1,201st","1,351st",276th,$18.7K  -  $299.7K,$224.8K  -  $3.6M,60K 0.0%,74.921M 12.5%
Brent Rivera,"2,634th","1,212th",142nd,113th,$15.1K  -  $241.2K,$180.9K  -  $2.9M,100K 50%,60.309M 19.5%
東森新聞 CH51,"1,509th","1,203rd",32nd,463rd,$19K  -  $304K,$228K  -  $3.6M,10K 0.0%,76M 10.2%
Saad Lamjarred | سعد لمجرد,"4,722nd","1,245th",1st,166th,$11.8K  -  $189.3K,$142K  -  $2.3M,100K 0.0%,47.325M 15.7%
As Aventuras de Poliana,"6,792nd","1,306th",136th,487th,$5.2K  -  $83.4K,$62.5K  -  $1M,--,20.848M 6.9%
Söz Dizi,"5,046th","1,285th",34th,205th,$8.4K  -  $135K,$101.3K  -  $1.6M,30K 50.0%,33.752M 3.1%
Shahid,"1,488th","1,253rd",15th,483rd,$11.1K  -  $176.9K,$132.7K  -  $2.1M,80K 0.0%,44.223M 6.4%
The Key of Awesome,"105,178th","1,352nd",840th,146th,$548  -  $8.8K,$6.6K  -  $105.3K,-10K 0.0%,2.193M 2.5%
Invento na Hora,"4,625th","1,227th",38th,178th,$13.7K  -  $219.7K,$164.8K  -  $2.6M,100K 0.0%,54.934M 7.6%
The Voice Kids,"3,839th","2,677th",11th,607th,$55.2K  -  $883.2K,$662.4K  -  $10.6M,30K 0.0%,220.789M 251.5%
Coffi Channel,"5,572nd","1,309th",35th,157th,$5.7K  -  $92K,$69K  -  $1.1M,20K 0.0%,22.989M 12.7%
Телеканал ТНТ,"1,136th","1,192nd",36th,476th,$30.6K  -  $489.4K,$367K  -  $5.9M,370K 105.6%,122.344M 49.0%
Top Gear,"6,322nd","1,314th",66th,2nd,$5.6K  -  $88.8K,$66.6K  -  $1.1M,30K 0.0%,22.204M 15.3%
Chris Smoove,"9,176th","1,337th",917th,332nd,$2.7K  -  $43.1K,$32.3K  -  $517K,10K 0.0%,10.771M 32.4%
Disney FR,"4,648th","1,304th",46th,197th,$6.9K  -  $109.9K,$82.5K  -  $1.3M,30K 25%,27.485M 10.3%
HowToBasic,"5,560th","1,324th",5th,12th,$5.8K  -  $92.8K,$69.6K  -  $1.1M,--,23.192M 18.3%
Lindsey Stirling,"11,325th","1,345th",214th,165th,$5.4K  -  $86.5K,$64.9K  -  $1M,100K 0.0%,21.618M 3.3%
Bebe Rexha,"3,166th","1,319th",446th,291st,$6.6K  -  $106.3K,$79.7K  -  $1.3M,30K 0.0%,26.569M 6.4%
Los Juguetes de Titi,"17,361st","1,354th",--,453rd,$2.7K  -  $43.4K,$32.5K  -  $520.5K,20K 100.0%,10.844M 10.1%
Kitchen Nightmares,"2,612th","1,303rd",107th,760th,$12.6K  -  $201.1K,$150.8K  -  $2.4M,70K 0.0%,50.275M 3.4%
Bart Baker,"49,737th","1,382nd",352nd,47th,$1.1K  -  $17.3K,$13K  -  $208.1K,--,4.334M 22%
Slipknot,"3,768th","1,278th",632nd,402nd,$13.2K  -  $210.8K,$158.1K  -  $2.5M,60K 0.0%,52.69M 1.6%
Yeni Gelin,"5,075th","1,292nd",120th,538th,$9.1K  -  $145.4K,$109.1K  -  $1.7M,40K 20%,36.36M 32.2%
BB Ki Vines,"5,727th","1,272nd",48th,83rd,$27.8K  -  $445.2K,$333.9K  -  $5.3M,900K 800.0%,111.29M 148.9%
Coisa de Nerd,"10,811th","1,360th",72nd,16th,$3.5K  -  $55.7K,$41.8K  -  $668.7K,--,13.931M 6%
LIL UZI VERT,"2,645th","1,288th",484th,311th,$12.7K  -  $203.6K,$152.7K  -  $2.4M,50K 0.0%,50.894M 1.5%
Top Channel Albania,714th,"1,200th",2nd,"3,589th",$41.6K  -  $666.3K,$499.7K  -  $8M,50K 66.7%,166.578M 84.7%
NhacPro Tube,"8,956th","1,372nd",23rd,446th,$2.8K  -  $45.2K,$33.9K  -  $542.1K,10K 0.0%,11.293M 25.3%
Gordon Ramsay,"5,635th","1,335th",15th,85th,$7.1K  -  $112.9K,$84.7K  -  $1.4M,100K 0.0%,28.222M 1.6%
IDEAS EN 5 MINUTOS,"13,729th","1,353rd",17th,14th,$9.3K  -  $149.5K,$112.1K  -  $1.8M,--,37.376M 90.5%
Rammstein Official,"4,035th","1,327th",16th,497th,$11.4K  -  $182.8K,$137.1K  -  $2.2M,40K 20%,45.705M 4.8%
FIFATV,"5,133rd","1,277th",1st,11th,$23.1K  -  $369.1K,$276.8K  -  $4.4M,300K 16.7%,92.269M 63.8%
BBC News عربي,"1,653rd","1,291st",57th,34th,$15.3K  -  $244.3K,$183.3K  -  $2.9M,100K 0.0%,61.084M 11.7%
MoonKase,"5,053rd","1,336th",131st,163rd,$9K  -  $144.6K,$108.5K  -  $1.7M,40K 33.3%,36.154M 8.4%
HalseyVEVO,"5,396th","1,334th","1,951st","1,212th",$9.3K  -  $148.2K,$111.2K  -  $1.8M,-10K 0.0%,37.062M 24.6%
FutParódias,"5,435th","1,329th",108th,15th,$10.4K  -  $167K,$125.3K  -  $2M,30K 25%,41.752M 5.5%
TKOR,"24,321st","1,403rd",229th,35th,$2.1K  -  $34.3K,$25.8K  -  $412K,--,8.583M 22.2%
MondoMedia,"14,122nd","1,340th",868th,151st,$5.4K  -  $86.1K,$64.6K  -  $1M,30K 50%,21.523M 38%
EHPMusicChannel,"3,044th","1,244th",13th,"1,825th",$23.3K  -  $373.5K,$280.1K  -  $4.5M,30K 0.0%,93.379M 14.6%
BackstreetBoysVEVO,"4,643rd","1,323rd","3,340th","2,112th",$11.5K  -  $183.7K,$137.8K  -  $2.2M,--,45.928M 2.7%
LilWayneVEVO,"9,817th","1,377th",988th,647th,$6.9K  -  $110.3K,$82.7K  -  $1.3M,--,27.563M 5.2%
melanie martinez,"40,833,951st","43,706,913th","225,075th",--,$0  -  $0,$0  -  $0,--,--
ashish chanchlani vines,772nd,"1,235th",37th,9th,$14.2K  -  $227.6K,$170.7K  -  $2.7M,200K 60%,56.911M 52%
Вечерний Ургант,"4,270th","1,379th",69th,681st,$8.8K  -  $140K,$105K  -  $1.7M,30K 50.0%,35.01M 36.1%
The Infographics Show,"2,499th","1,216th",294th,40th,$29.3K  -  $469K,$351.7K  -  $5.6M,200K 33.3%,117.245M 14.3%
FOX,"43,630,797th","1,361st",30th,"1,130th",$9.2K  -  $147.9K,$110.9K  -  $1.8M,60K 20.0%,36.97M 11.1%
Toys And Funny Kids Play Doh Cartoons,"425,652nd","1,432nd",30th,326th,$51  -  $820,$615  -  $9.8K,-10K 50%,204.927K 5.1%
Disney,"7,392nd","1,394th",866th,869th,$5.5K  -  $87.6K,$65.7K  -  $1.1M,20K 0.0%,21.906M 1.7%
PineappleStormTV,"2,075th","1,250th",94th,261st,$17.8K  -  $285.3K,$214K  -  $3.4M,80K 0.0%,71.319M 13.3%
Hulyan Maya,"66,404th","1,437th","3,551st","3,797th",$539  -  $8.6K,$6.5K  -  $103.5K,--,2.156M 8%
BANDA MS,"4,350th","1,878th",194th,946th,$10K  -  $159.7K,$119.8K  -  $1.9M,20K 0.0%,39.924M 0.6%
XpressTV,"3,854th","1,383rd",22nd,167th,$8.5K  -  $136.7K,$102.5K  -  $1.6M,--,34.175M 15.6%
AndrewSchrock,"4,542nd","1,351st","1,171st",382nd,$8.9K  -  $143.1K,$107.3K  -  $1.7M,30K 0.0%,35.781M 12.8%
AfacanTV,"3,957th","1,358th",21st,580th,$12K  -  $191.5K,$143.6K  -  $2.3M,60K 20.0%,47.868M 6.4%
AlJazeera Channel قناة الجزيرة,423rd,"1,295th",1st,33rd,$14.9K  -  $238.9K,$179.2K  -  $2.9M,110K 0.0%,59.736M 27.9%
Barbie,"3,213th","1,347th",301st,276th,$11.4K  -  $181.8K,$136.3K  -  $2.2M,100K 0.0%,45.438M 9%
PrestonPlayz,"1,523rd",612th,125th,89th,$17.3K  -  $277K,$207.8K  -  $3.3M,200K 100.0%,69.262M 6.3%
Young Thug,"2,539th","1,386th",828th,539th,$10.8K  -  $173.4K,$130.1K  -  $2.1M,50K 25.0%,43.361M 13.3%
DaddyYankeeVEVO,"11,857th","1,433rd","1,290th",812th,$4.1K  -  $65.9K,$49.4K  -  $790.7K,--,16.472M 2.4%
相信音樂BinMusic,"8,202nd","1,412th",15th,"1,417th",$6K  -  $95.6K,$71.7K  -  $1.1M,--,23.907M 13.9%
الحب لا يفهم الكلام,"4,797th","1,355th",33rd,179th,$8.8K  -  $140.2K,$105.2K  -  $1.7M,30K 50%,35.062M 33%
Peppa Pig em Português Brasil - Canal Oficial,"2,375th","1,330th",65th,40th,$19.2K  -  $307.5K,$230.6K  -  $3.7M,200K 100.0%,76.881M 16.0%
Green Day,"3,028th","1,359th",831st,537th,$12.9K  -  $206.8K,$155.1K  -  $2.5M,50K 28.6%,51.699M 5.1%
SBT,"8,314th","1,438th",69th,255th,$4.8K  -  $76.7K,$57.5K  -  $920.7K,--,19.18M 54.4%
Crescendo com Luluca,"1,557th","1,265th",66th,50th,$21.9K  -  $350K,$262.5K  -  $4.2M,100K 0.0%,87.511M 8.2%
BBC Radio 1,"8,546th","1,406th",70th,335th,$6.6K  -  $105K,$78.7K  -  $1.3M,30K 66.7%,26.246M 13.7%
systemofadownVEVO,"5,460th","1,411th","2,027th","1,267th",$6.9K  -  $110.1K,$82.6K  -  $1.3M,--,27.528M 5.6%
Tiana,"29,239th","1,460th",36th,70th,$1.2K  -  $19.4K,$14.5K  -  $232.6K,--,4.846M 14.1%
MrGear,"25,818th","1,446th",14th,32nd,$1.8K  -  $28.8K,$21.6K  -  $345.4K,--,7.197M 75.3%
DORETDEPLATINE,"4,576th","1,381st",25th,504th,$9.7K  -  $154.9K,$116.2K  -  $1.9M,40K 0.0%,38.726M 11.1%
lunacreciente,"6,081st","1,410th",1st,361st,$9.2K  -  $147.9K,$110.9K  -  $1.8M,100K 11.1%,36.964M 8.9%
Çok Güzel Hareketler,"1,000th","1,338th",77th,348th,$23.9K  -  $382.2K,$286.7K  -  $4.6M,50K 150.0%,95.552M 60.2%
Мультики студии Союзмультфильм,"60,536th","1,471st","1,485th",314th,$865  -  $13.8K,$10.4K  -  $166K,--,3.459M 3.3%
TVBS NEWS,"1,132nd","1,349th",29th,397th,$22.2K  -  $355K,$266.3K  -  $4.3M,20K 0.0%,88.761M 19.1%
UNIVERSAL MUSIC JAPAN,"5,245th","1,449th",22nd,707th,$0  -  $0,$0  -  $0,--,-4.263M 118%
Christina Perri,"7,478th","1,426th",725th,468th,$7.9K  -  $127.2K,$95.4K  -  $1.5M,30K 25%,31.791M 4.4%
Geo News,578th,"1,165th",5th,26th,$21.7K  -  $347.1K,$260.3K  -  $4.2M,100K 33.3%,86.763M 76.7%
Shot of The Yeagers,"16,888th","1,448th",890th,906th,$3.5K  -  $55.3K,$41.5K  -  $663.6K,--,13.824M 36.5%
런닝맨 - 스브스 공식 채널,"1,412th","1,286th",148th,"2,303rd",$25.3K  -  $404.6K,$303.4K  -  $4.9M,50K 0.0%,101.143M 3.6%
videogamedunkey,"6,047th","1,439th",621st,205th,$7.4K  -  $118.1K,$88.5K  -  $1.4M,30K 50.0%,29.513M 20.2%
FORMULA 1,971st,"1,232nd",95th,35th,$29.1K  -  $466K,$349.5K  -  $5.6M,140K 22.2%,116.507M 15.6%
Madame Récré FR,"8,294th","1,456th","1,417th","1,487th",$5.2K  -  $83.6K,$62.7K  -  $1M,20K 0.0%,20.894M 4.2%
허팝Heopop,"10,902nd","1,418th",89th,"1,395th",$8.1K  -  $129.1K,$96.8K  -  $1.5M,10K 50%,32.273M 30%
디글 클래식 :Diggle Classic,"1,840th","1,234th",317th,"4,407th",$34.1K  -  $546.4K,$409.8K  -  $6.6M,50K 66.7%,136.59M 11.0%
Clash of Clans,TBD,"46,004,037th","3,699,657th",--,$0  -  $0,$0  -  $0,--,--
Grown Ups Kids' Toys,"311,389th","1,516th",70th,"2,459th",$88  -  $1.4K,$1.1K  -  $17K,--,353.459K 7.5%
Universal Pictures,"2,228th","1,365th",860th,859th,$23.2K  -  $371.2K,$278.4K  -  $4.5M,110K 37.5%,92.788M 94.5%
Latina.pe,"8,094th","1,470th",9th,"1,021st",$4.7K  -  $75.7K,$56.8K  -  $908.5K,30K 200.0%,18.927M 14.4%
TRT TV,"15,715th","79,700th","1,761st",370th,$837  -  $13.4K,$10K  -  $160.7K,--,3.347M 57.1%
Kiralık Aşk,"5,008th","1,469th",162nd,643rd,$8.6K  -  $137.2K,$102.9K  -  $1.6M,30K 50.0%,34.288M 24.1%
StarPro,"4,639th","1,443rd",227th,"1,092nd",$9.8K  -  $157K,$117.7K  -  $1.9M,20K 33.3%,39.243M 8.4%
Monsta,"1,041st","1,341st",2nd,67th,$15K  -  $239.4K,$179.5K  -  $2.9M,90K 25%,59.842M 16.7%
GoPro,"9,796th","1,497th",319th,10th,$0  -  $0,$0  -  $0,--,-258.552K 102%
Sen Anlat Karadeniz,"7,994th","1,478th",44th,"1,330th",$5.6K  -  $90.2K,$67.6K  -  $1.1M,10K 50%,22.541M 0.8%
IULITMx,"9,725th","1,454th",6th,395th,$6K  -  $96.5K,$72.4K  -  $1.2M,40K 33.3%,24.129M 1.0%
Got Talent España,"3,433rd","1,444th",41st,458th,$17K  -  $272.1K,$204.1K  -  $3.3M,100K 150.0%,68.036M 133.8%
Furious Jumper,"2,019th","1,400th",63rd,490th,$13.9K  -  $222.9K,$167.2K  -  $2.7M,30K 0.0%,55.734M 18.6%
キヨ。,"1,856th","1,385th",39th,580th,$16.8K  -  $269.3K,$202K  -  $3.2M,30K 0.0%,67.325M 6.1%
LastWeekTonight,"4,692nd","1,466th",437th,392nd,$7.3K  -  $116K,$87K  -  $1.4M,10K 50%,29.002M 14.8%
The Real Daytime,"12,101st","1,507th","2,502nd","2,662nd",$7.3K  -  $116.7K,$87.5K  -  $1.4M,20K 0.0%,29.167M 226.7%
MySpass,"8,044th","9,444th",90th,"2,668th",$2.1K  -  $33.9K,$25.5K  -  $407.3K,--,8.485M 112.0%
Carinha de Anjo,"9,827th","1,487th",--,771st,$12.2K  -  $195.8K,$146.8K  -  $2.3M,100K 900.0%,48.942M 143.2%
CAguileraVEVO,"8,364th","1,489th","2,332nd","1,477th",$5.8K  -  $92.9K,$69.7K  -  $1.1M,--,23.23M 0.6%
Walt Disney Animation Studios,"15,939th","1,490th",933rd,168th,$10.6K  -  $169.8K,$127.3K  -  $2M,60K 100.0%,42.447M 104.4%
TheBrainDit,"27,734th","1,538th",7th,142nd,$1.2K  -  $18.9K,$14.2K  -  $227.1K,--,4.732M 6.9%
KendrickLamarVEVO,"9,441st","1,498th",587th,360th,$4.9K  -  $79.1K,$59.4K  -  $949.6K,-10K 0.0%,19.784M 2.1%
Team Edge,"8,036th","1,494th",586th,96th,$5.6K  -  $89.2K,$66.9K  -  $1.1M,10K 0.0%,22.293M 5.8%
NewShowBiz完全娛樂,"3,010th","1,427th",8th,"2,098th",$12.5K  -  $200.5K,$150.4K  -  $2.4M,10K 50%,50.135M 6%
7 Minutoz,"1,297th","1,390th",64th,190th,$17.8K  -  $285.3K,$213.9K  -  $3.4M,100K 50%,71.314M 11%
Jen Smith,"240,840th","1,554th",464th,105th,$151  -  $2.4K,$1.8K  -  $29K,-10K 0.0%,603.497K 30.7%
johnlegendVEVO,"11,894th","1,509th","1,293rd",814th,$5.4K  -  $86.6K,$64.9K  -  $1M,--,21.643M 8.5%
Robin Schulz,"4,342nd","1,459th",44th,987th,$9.3K  -  $148.2K,$111.1K  -  $1.8M,10K 50%,37.042M 10.5%
How It Should Have Ended,"17,235th","1,523rd",336th,49th,$3.3K  -  $53.4K,$40.1K  -  $640.9K,--,13.352M 38.8%
Мульт,"2,894th","1,421st",--,235th,$15.6K  -  $249.6K,$187.2K  -  $3M,60K 0.0%,62.411M 5.8%
Ray William Johnson,"92,818th","1,271st",334th,45th,$67.1K  -  $1.1M,$804.7K  -  $12.9M,210K 52.3%,268.238M 6.1%
Alan Becker,"2,348th","1,357th",143rd,28th,$15.4K  -  $245.8K,$184.3K  -  $2.9M,100K 75%,61.44M 43.4%
WooHoo,"1,353rd","1,451st",546th,79th,$7.8K  -  $124K,$93K  -  $1.5M,80K 0.0%,31.005M 22.2%
The Noite com Danilo Gentili,"9,369th","1,491st",84th,48th,$9.6K  -  $153.3K,$115K  -  $1.8M,60K 0.0%,38.32M 22.0%
The Game Theorists,"3,889th","1,492nd",182nd,152nd,$7.4K  -  $118.1K,$88.6K  -  $1.4M,100K 0.0%,29.535M 8.8%
coilbook™ | Learning For Children,"5,099th","1,467th","1,554th",318th,$12.2K  -  $196K,$147K  -  $2.4M,60K 0.0%,48.998M 5.2%
NightcoreReality,"12,899th","1,544th","1,286th",805th,$3.4K  -  $54.6K,$40.9K  -  $655K,-10K 0.0%,13.645M 1.0%
Flavia Calina,"9,580th","1,534th",126th,119th,$4.5K  -  $72.5K,$54.4K  -  $869.9K,--,18.123M 5.4%
Adult Swim,"4,449th","1,455th",775th,763rd,$8.5K  -  $136.5K,$102.4K  -  $1.6M,30K 57.1%,34.135M 27.8%
So Yummy,"37,321,006th","25,213,780th",--,--,$1  -  $20,$15  -  $245,--,5.098K 0.0%
JonasBlueVEVO,"10,782nd","1,550th","2,986th","1,896th",$4.2K  -  $67.4K,$50.6K  -  $809.4K,--,16.861M 4.1%
Bedaya TV l قناة بداية الفضائية,"25,208th","1,570th",181st,"3,209th",$2.2K  -  $35.8K,$26.9K  -  $429.8K,10K 0.0%,8.955M 3.7%
CrazyRussianHacker,"26,324th","1,591st",264th,15th,$932  -  $14.9K,$11.2K  -  $179K,-100K 0.0%,3.73M 59.3%
Busy Beavers - Kids Learn ABCs 123s & More,"18,129th","1,560th",117th,402nd,$3.7K  -  $58.7K,$44K  -  $704K,10K 0.0%,14.668M 13.7%
WooHoo Arabic,"1,311th","1,407th",27th,120th,$15.2K  -  $242.8K,$182.1K  -  $2.9M,70K 36.4%,60.706M 29%
Facts Verse,642nd,"1,665th",431st,387th,$2.2K  -  $34.4K,$25.8K  -  $413K,10K 66.7%,8.604M 106.9%
iHasCupquake,"49,193rd","1,605th",602nd,194th,$1K  -  $16.4K,$12.3K  -  $196.5K,--,4.093M 5.0%
ZackScottGames,"6,606th","1,558th",967th,357th,$4.4K  -  $69.8K,$52.3K  -  $837.3K,20K 0.0%,17.443M 13.3%
Ярик Лапа,"110,642nd","1,621st",17th,372nd,$322  -  $5.2K,$3.9K  -  $61.9K,--,1.29M 12.6%
Yasak Elma,"3,029th","1,505th",89th,"2,056th",$27.2K  -  $435K,$326.2K  -  $5.2M,110K 175.0%,108.743M 234.5%
SBM Label,"2,025th","1,413th",13th,"1,243rd",$24.6K  -  $394.4K,$295.8K  -  $4.7M,60K 0.0%,98.593M 15.7%
PJ Masks Official,"1,610th","1,423rd",801st,137th,$22.7K  -  $363K,$272.2K  -  $4.4M,110K 22.2%,90.743M 16.5%
La Voz Kids Colombia,"9,715th","1,518th",30th,784th,$6.3K  -  $101.2K,$75.9K  -  $1.2M,30K 62.5%,25.292M 48.8%
GEN HALILINTAR,668th,"1,587th",9th,92nd,$7.7K  -  $123.6K,$92.7K  -  $1.5M,100K 200%,30.904M 112.3%
Свинка Пеппа Русский - Официальный канал,"4,208th","1,525th",133rd,228th,$12.4K  -  $198.3K,$148.7K  -  $2.4M,50K 16.7%,49.57M 9.1%
Thinknoodles,"4,014th","1,527th",508th,154th,$10.3K  -  $165.4K,$124K  -  $2M,70K 16.7%,41.341M 11.3%
關鍵時刻,"2,983rd","1,483rd",17th,255th,$14.6K  -  $234K,$175.5K  -  $2.8M,20K 0.0%,58.496M 8.4%
Entertainment Access,"43,634,229th","1,547th",15th,751st,$7.2K  -  $114.7K,$86.1K  -  $1.4M,40K 0.0%,28.685M 6.6%
GameSpot,"8,589th","1,585th",992nd,365th,$7.2K  -  $115K,$86.3K  -  $1.4M,30K 0.0%,28.751M 0.8%
Monstercat Uncaged,"12,757th","1,609th",24th,342nd,$3.8K  -  $60.7K,$45.5K  -  $728.3K,--,15.173M 6.1%
TopNotch,"12,309th","1,624th",52nd,"2,241st",$4K  -  $64.1K,$48K  -  $768.8K,10K 0.0%,16.016M 2%
Google,"14,911th","1,564th",335th,18th,$7.5K  -  $119.6K,$89.7K  -  $1.4M,--,29.911M 17%
SHAYTARDS,"255,614th","1,652nd",966th,986th,$194  -  $3.1K,$2.3K  -  $37.2K,-10K 0.0%,774.993K 0.6%
Olympics,"3,490th","1,067th",65th,18th,$15.6K  -  $248.9K,$186.7K  -  $3M,50K 70.6%,62.233M 65.8%
Official Arctic Monkeys,"2,570th","1,506th",111th,509th,$13.7K  -  $219.4K,$164.5K  -  $2.6M,50K 25.0%,54.849M 4.1%
ぐっちの部屋(ミラクルぐっち),"14,469th","1,608th",238th,"2,053rd",$3.2K  -  $51.6K,$38.7K  -  $619K,--,12.896M 29.8%
Hussain Al Jassmi | حسين الجسمي,"4,019th","1,479th",14th,336th,$17.9K  -  $286.1K,$214.5K  -  $3.4M,120K 33.3%,71.514M 17.5%
PULCINO PIO,"15,576th","1,631st",9th,578th,$3.2K  -  $50.4K,$37.8K  -  $605K,20K 0.0%,12.605M 3.8%
Arab Idol,"20,633rd","1,618th",31st,957th,$4.5K  -  $72.1K,$54K  -  $864.6K,20K 33.3%,18.013M 4.8%
123 GO! Arabic,"2,772nd","1,477th",7th,135th,$11.2K  -  $179.2K,$134.4K  -  $2.2M,90K 18.2%,44.798M 37.8%
BehindwoodsTV,"1,307th","1,499th",242nd,475th,$16.5K  -  $263.7K,$197.8K  -  $3.2M,100K 11.1%,65.927M 12.5%
Miraculous Ladybug,756th,"1,343rd",685th,120th,$25.5K  -  $407.8K,$305.9K  -  $4.9M,120K 36.8%,101.957M 22.3%
EnzoKnol,"7,559th","1,613th",29th,"2,310th",$5.5K  -  $87.4K,$65.6K  -  $1M,--,21.859M 5.6%
Talking Angela,"8,179th","1,526th",30th,224th,$9.5K  -  $151.9K,$113.9K  -  $1.8M,--,37.975M 41.2%
Серіали України. Прем’єр,"2,743rd","1,552nd",23rd,"1,316th",$13.6K  -  $217.2K,$162.9K  -  $2.6M,80K 0.0%,54.298M 3.9%
iBallisticSquid,"88,759th","1,685th",152nd,435th,$414  -  $6.6K,$5K  -  $79.4K,10K 0.0%,1.655M 22.5%
F2Freestylers - Ultimate Soccer Skills Channel,"14,629th","1,601st",29th,5th,$8.8K  -  $140.7K,$105.6K  -  $1.7M,100K 0.0%,35.186M 68.5%
AwesomenessTV,"13,358th","1,645th",460th,410th,$32.8K  -  $525.5K,$394.1K  -  $6.3M,--,131.368M 672.4%
Bizim Hikaye,"4,405th","1,599th",96th,"2,181st",$10.2K  -  $162.9K,$122.2K  -  $2M,20K 100.0%,40.723M 48.0%
Danny Ocean,"4,593rd","1,542nd","1,087th",700th,$14.6K  -  $234.1K,$175.5K  -  $2.8M,70K 75.0%,58.516M 25.4%
Matt Stonie,"3,927th","1,593rd",173rd,148th,$9.4K  -  $150.6K,$113K  -  $1.8M,200K 0.0%,37.662M 14.9%
Badanamu,"4,963rd","1,575th","1,734th",354th,$11K  -  $175.2K,$131.4K  -  $2.1M,30K 25%,43.811M 6.5%
Werevertumorro,"46,002nd","1,699th",12th,114th,$376  -  $6K,$4.5K  -  $72.2K,--,1.505M 51.6%
Show TV,"5,908th","1,657th",38th,227th,$5.4K  -  $86.3K,$64.7K  -  $1M,20K 0.0%,21.563M 21.7%
Cyprien,"6,977th","1,663rd",2nd,21st,$2.5K  -  $39.3K,$29.5K  -  $471.9K,--,9.831M 40.7%
Wow Kidz Comedy,"5,017th","1,603rd",252nd,88th,$8.8K  -  $140.7K,$105.5K  -  $1.7M,80K 0.0%,35.163M 6.4%
POCOYO in ENGLISH full episodes - Official Channel,"4,859th","1,537th","1,675th",359th,$16.5K  -  $264.2K,$198.1K  -  $3.2M,80K 33.3%,66.042M 26.0%
Mo Vlogs,"12,500th","1,679th",5th,58th,$3.1K  -  $49.7K,$37.3K  -  $596.1K,--,12.42M 13.9%
BibisBeautyPalace,"25,635th","1,705th",13th,102nd,$1.7K  -  $27K,$20.2K  -  $323.7K,--,6.743M 14.3%
Говорящий Том и Друзья,"3,796th","1,572nd",49th,561st,$12.5K  -  $199.7K,$149.8K  -  $2.4M,90K 28.6%,49.918M 2.2%
2MTV,"4,059th","1,647th",5th,676th,$6.4K  -  $102.6K,$76.9K  -  $1.2M,50K 25.0%,25.65M 1.7%
MattyBRaps,"8,462nd","1,653rd",195th,150th,$4.9K  -  $77.8K,$58.4K  -  $933.8K,--,19.454M 16.5%
Meek Mill,"4,564th","1,589th",999th,652nd,$18.6K  -  $297.3K,$222.9K  -  $3.6M,80K 0.0%,74.314M 36.5%
tvnpl,"6,045th","1,821st",18th,"2,755th",$5.1K  -  $81.5K,$61.1K  -  $978.2K,10K 0.0%,20.379M 114.7%
ArcadeGo.com,"89,218th","1,732nd","1,683rd",644th,$331  -  $5.3K,$4K  -  $63.6K,--,1.324M 8.9%
Hillsong Worship,"4,068th","1,617th",13th,341st,$10.9K  -  $175K,$131.2K  -  $2.1M,90K 12.5%,43.747M 1.6%
"SLICK SLIME SAM - DIY, Comedy, Science","2,302nd","1,600th",581st,80th,$9.4K  -  $149.8K,$112.3K  -  $1.8M,70K 16.7%,37.443M 10.6%
Al Nahar TV,"4,414th","1,633rd",9th,529th,$8.8K  -  $141K,$105.8K  -  $1.7M,90K 12.5%,35.259M 7.8%
LDShadowLady,"7,427th","1,620th",92nd,226th,$10K  -  $160.4K,$120.3K  -  $1.9M,90K 12.5%,40.112M 7.4%
Tibo InShape,"7,050th","1,673rd",10th,19th,$5.6K  -  $90.3K,$67.7K  -  $1.1M,20K 33.3%,22.577M 17.5%
Sidemen,"1,542nd","1,434th",28th,184th,$22.2K  -  $355.3K,$266.4K  -  $4.3M,200K 33.3%,88.816M 21.2%
SimoneSimariaVEVO,"3,406th","1,616th",--,880th,$9.4K  -  $150.7K,$113K  -  $1.8M,--,37.666M 18.7%
Manual do Mundo,"7,051st","1,681st",28th,8th,$11K  -  $175.2K,$131.4K  -  $2.1M,300K 200.0%,43.811M 63.9%
Kara Sevda,"6,779th","1,687th",56th,313th,$8.6K  -  $137.8K,$103.4K  -  $1.7M,50K 25.0%,34.455M 33.7%
TV Promos,"3,720th","1,670th","2,505th","2,661st",$9.7K  -  $155.6K,$116.7K  -  $1.9M,30K 50.0%,38.9M 42.3%
Capital FM,"6,264th","1,672nd",117th,531st,$7.3K  -  $116.1K,$87K  -  $1.4M,30K 0.0%,29.016M 9.1%
Mac Miller,"3,753rd","1,639th","1,388th",882nd,$12.1K  -  $194.3K,$145.7K  -  $2.3M,40K 0.0%,48.583M 6.8%
Marmok,"5,025th","1,662nd",6th,33rd,$6.8K  -  $109.5K,$82.2K  -  $1.3M,200K 100.0%,27.383M 26.7%
starshipTV,"5,280th","1,696th",62nd,638th,$4.3K  -  $68.7K,$51.5K  -  $824.7K,10K 0.0%,17.18M 50.7%
442oons,"5,913th","1,632nd",198th,70th,$11.4K  -  $182.2K,$136.6K  -  $2.2M,50K 16.7%,45.549M 16.4%
Nuclear Blast Records,"8,580th","1,712th",70th,"1,302nd",$5.7K  -  $91.7K,$68.8K  -  $1.1M,20K 0.0%,22.918M 0.7%
レオンチャンネル,"16,410th","1,740th",236th,"4,738th",$3K  -  $47.3K,$35.5K  -  $568.1K,10K 0.0%,11.835M 6.8%
Cris Devil Gamer,"7,457th","1,764th",4th,100th,$7.5K  -  $120.5K,$90.3K  -  $1.4M,50K 37.5%,30.115M 8.8%
Galileo,"9,643rd","1,741st",51st,"1,855th",$3.7K  -  $58.9K,$44.1K  -  $706.3K,10K 0.0%,14.715M 14.8%
FilterCopy,"1,619th","1,583rd",196th,381st,$23.5K  -  $375.9K,$281.9K  -  $4.5M,90K 0.0%,93.976M 38.5%
IndiaGlitz Tamil Movies | Interviews | Shooting Spot | Review | Gossip,"6,461st","1,655th",430th,885th,$8.6K  -  $138.3K,$103.7K  -  $1.7M,50K 28.6%,34.565M 13.5%
Nintendo,"8,365th","1,717th",494th,150th,$12.3K  -  $196.5K,$147.4K  -  $2.4M,110K 175.0%,49.129M 88.7%
CelineDionVEVO,"4,528th","1,667th","3,022nd","1,917th",$8.7K  -  $138.4K,$103.8K  -  $1.7M,--,34.601M 3.0%
Matt Steffanina,"3,196th","1,695th",226th,203rd,$3.4K  -  $55.2K,$41.4K  -  $661.9K,--,13.791M 7.3%
Aya Nakamura,"3,693rd","1,656th",21st,451st,$8.8K  -  $141.2K,$105.9K  -  $1.7M,50K 16.7%,35.298M 7%
BBC News,"1,046th","1,595th",40th,22nd,$15.4K  -  $245.7K,$184.3K  -  $2.9M,100K 50%,61.425M 30.9%
SpongeBob SquarePants Official,786th,"1,501st","1,160th",224th,$19.6K  -  $313.4K,$235.1K  -  $3.8M,70K 22.2%,78.362M 19.2%
Enamorándonos,"25,814th","1,781st",139th,"1,061st",$1.6K  -  $26.4K,$19.8K  -  $316.3K,--,6.589M 12.2%
ABS-CBN Star Music,"3,600th","1,642nd",16th,375th,$11.2K  -  $179.3K,$134.5K  -  $2.2M,80K 0.0%,44.835M 8.2%
KinoCheck International,"4,829th","1,689th","1,348th","1,425th",$9K  -  $144.3K,$108.2K  -  $1.7M,30K 25%,36.071M 14.2%
TheAtlanticCraft,"29,875th","1,780th",738th,261st,$2K  -  $32.1K,$24.1K  -  $384.9K,10K 50%,8.019M 15.5%
Теремок Baby,"4,024th","1,636th",211th,354th,$13.6K  -  $217.3K,$163K  -  $2.6M,60K 0.0%,54.327M 0.6%
Talking Tom Heroes,"1,779th","1,549th",572nd,524th,$13.8K  -  $221.4K,$166.1K  -  $2.7M,110K 8.3%,55.36M 18.7%
Bela Bagunça,"17,772nd","1,760th",53rd,219th,$3.1K  -  $50.4K,$37.8K  -  $604.2K,--,12.588M 13.7%
Steve TV Show,"8,532nd","1,714th",787th,785th,$7.7K  -  $122.9K,$92.2K  -  $1.5M,120K 29.4%,30.732M 6.9%
LEGENDA FUNK,"8,717th","1,742nd",33rd,141st,$5.4K  -  $86.8K,$65.1K  -  $1M,100K 0.0%,21.696M 2.4%
EvanescenceVEVO,"6,927th","1,725th","1,713th","1,069th",$6.4K  -  $103.1K,$77.3K  -  $1.2M,--,25.779M 8.3%
Fatos Desconhecidos,"2,609th","1,692nd",17th,94th,$8K  -  $127.3K,$95.5K  -  $1.5M,100K 0.0%,31.824M 11.2%
Fluffy Jet Toys,"278,341st","1,815th",38th,"1,224th",$127  -  $2K,$1.5K  -  $24.3K,--,506.442K 7.6%
또봇 V · 메탈리온 [Tobot V · Metalions],"17,495th","1,772nd",187th,589th,$3.1K  -  $49.6K,$37.2K  -  $595.3K,--,12.401M 4.7%
planbVEVO,"16,205th","1,774th","2,053rd","1,288th",$3.5K  -  $55.7K,$41.8K  -  $668.5K,--,13.926M 2.0%
TheSoundYouNeed,"14,051st","1,784th",30th,524th,$3.2K  -  $51.5K,$38.6K  -  $617.5K,--,12.865M 10%
Ch3Thailand Music,"9,183rd","1,755th",81st,798th,$4.2K  -  $67.6K,$50.7K  -  $811.3K,20K 0.0%,16.902M 13.5%
kougeisha,"60,304th","1,827th",116th,"1,213th",$1K  -  $16.6K,$12.4K  -  $199K,--,4.146M 9.3%
